Plate Mythic+ Dungeon Pool — Hero & Myth Upgrade Stats,,,,,,,,
,,,,,,,,
Track rank,Item level,,Methodology,,,,,
Hero 1/6,305,,"Item IDs were matched against SimulationCraft’s current Midnight item database. Displayed stats and scaled item effects were then captured from Wowhead at each Season 2 item level. Values preserve Wowhead’s in-game display rounding. Overlapping Hero/Myth item levels intentionally repeat the same values.

Sources:
https://github.com/simulationcraft/simc
https://www.wowhead.com/guide/midnight/item-level-gear-upgrades-dawncrests
Individual Wowhead item links are included on each data sheet.",,,,,
Hero 2/6,308,,,,,,,
Hero 3/6,311,,,,,,,
Hero 4/6,315,,,,,,,
Hero 5/6,318,,,,,,,
Hero 6/6,321,,,,,,,
Myth 1/6,318,,,,,,,
Myth 2/6,321,,,,,,,
Myth 3/6,324,,,,,,,
Myth 4/6,328,,,,,,,
Myth 5/6,331,,,,,,,
Myth 6/6,334,,,,,,,
Hero Track — Season 2 Upgrade Stats,,,,,,,,
Each cell contains the complete displayed stat/effect line at that upgrade rank.,,,,,,,,
Item Name,Item ID,"Hero 1/6
(ilvl 305)","Hero 2/6
(ilvl 308)","Hero 3/6
(ilvl 311)","Hero 4/6
(ilvl 315)","Hero 5/6
(ilvl 318)","Hero 6/6
(ilvl 321)",Wowhead Source
Aged Interwoven Scaleplate,273777,"418 Armor
+144 [Strength or Intellect]
+2,794 Stamina
+104 Critical Strike
+74 Versatility","426 Armor
+148 [Strength or Intellect]
+2,896 Stamina
+105 Critical Strike
+75 Versatility","435 Armor
+152 [Strength or Intellect]
+3,002 Stamina
+107 Critical Strike
+76 Versatility","447 Armor
+158 [Strength or Intellect]
+3,143 Stamina
+109 Critical Strike
+77 Versatility","456 Armor
+162 [Strength or Intellect]
+3,254 Stamina
+110 Critical Strike
+78 Versatility","466 Armor
+167 [Strength or Intellect]
+3,369 Stamina
+112 Critical Strike
+79 Versatility",https://www.wowhead.com/item=273777
Ancient General's Obsidian Pillars,273783,"366 Armor
+144 [Strength or Intellect]
+2,794 Stamina
+104 Critical Strike
+74 Haste","373 Armor
+148 [Strength or Intellect]
+2,896 Stamina
+105 Critical Strike
+75 Haste","381 Armor
+152 [Strength or Intellect]
+3,002 Stamina
+107 Critical Strike
+76 Haste","391 Armor
+158 [Strength or Intellect]
+3,143 Stamina
+109 Critical Strike
+77 Haste","399 Armor
+162 [Strength or Intellect]
+3,254 Stamina
+110 Critical Strike
+78 Haste","408 Armor
+167 [Strength or Intellect]
+3,369 Stamina
+112 Critical Strike
+79 Haste",https://www.wowhead.com/item=273783
Auric Puddle Stompers,159328,"261 Armor
+108 [Strength or Intellect]
+2,096 Stamina
+75 Versatility
+58 Mastery","266 Armor
+111 [Strength or Intellect]
+2,172 Stamina
+76 Versatility
+59 Mastery","272 Armor
+114 [Strength or Intellect]
+2,252 Stamina
+77 Versatility
+60 Mastery","280 Armor
+118 [Strength or Intellect]
+2,358 Stamina
+79 Versatility
+61 Mastery","285 Armor
+122 [Strength or Intellect]
+2,440 Stamina
+80 Versatility
+61 Mastery","291 Armor
+125 [Strength or Intellect]
+2,527 Stamina
+81 Versatility
+62 Mastery",https://www.wowhead.com/item=159328
Autumn's Boon Belt,251155,"235 Armor
+108 [Strength or Intellect]
+2,096 Stamina
+75 Critical Strike
+58 Haste","240 Armor
+111 [Strength or Intellect]
+2,172 Stamina
+76 Critical Strike
+59 Haste","245 Armor
+114 [Strength or Intellect]
+2,252 Stamina
+77 Critical Strike
+60 Haste","252 Armor
+118 [Strength or Intellect]
+2,358 Stamina
+79 Critical Strike
+61 Haste","257 Armor
+122 [Strength or Intellect]
+2,440 Stamina
+80 Critical Strike
+61 Haste","262 Armor
+125 [Strength or Intellect]
+2,527 Stamina
+81 Critical Strike
+62 Haste",https://www.wowhead.com/item=251155
Backdraft Cleaver,193768,"248 - 372 Damage
Speed 3.60
(86.1 damage per second)
+144 Strength
+2,794 Stamina
+104 Critical Strike
+74 Mastery","255 - 383 Damage
Speed 3.60
(88.6 damage per second)
+148 Strength
+2,896 Stamina
+105 Critical Strike
+75 Mastery","262 - 394 Damage
Speed 3.60
(91.1 damage per second)
+152 Strength
+3,002 Stamina
+107 Critical Strike
+76 Mastery","273 - 409 Damage
Speed 3.60
(94.7 damage per second)
+158 Strength
+3,143 Stamina
+109 Critical Strike
+77 Mastery","280 - 421 Damage
Speed 3.60
(97.4 damage per second)
+162 Strength
+3,254 Stamina
+110 Critical Strike
+78 Mastery","288 - 433 Damage
Speed 3.60
(100.1 damage per second)
+167 Strength
+3,369 Stamina
+112 Critical Strike
+79 Mastery",https://www.wowhead.com/item=193768
Band of the Amani Warlord,273792,"+1,572 Stamina
+123 Critical Strike
+216 Haste
""""A simple but durable ring, once worn by the Warlord Zul'jin himself.""""","+1,629 Stamina
+126 Critical Strike
+221 Haste
""""A simple but durable ring, once worn by the Warlord Zul'jin himself.""""","+1,689 Stamina
+128 Critical Strike
+225 Haste
""""A simple but durable ring, once worn by the Warlord Zul'jin himself.""""","+1,768 Stamina
+131 Critical Strike
+231 Haste
""""A simple but durable ring, once worn by the Warlord Zul'jin himself.""""","+1,830 Stamina
+134 Critical Strike
+235 Haste
""""A simple but durable ring, once worn by the Warlord Zul'jin himself.""""","+1,895 Stamina
+136 Critical Strike
+239 Haste
""""A simple but durable ring, once worn by the Warlord Zul'jin himself.""""",https://www.wowhead.com/item=273792
Bedrock Breeches,251192,"366 Armor
+144 [Strength or Intellect]
+2,794 Stamina
+112 Versatility
+66 Mastery","373 Armor
+148 [Strength or Intellect]
+2,896 Stamina
+113 Versatility
+67 Mastery","381 Armor
+152 [Strength or Intellect]
+3,002 Stamina
+115 Versatility
+68 Mastery","391 Armor
+158 [Strength or Intellect]
+3,143 Stamina
+117 Versatility
+69 Mastery","399 Armor
+162 [Strength or Intellect]
+3,254 Stamina
+118 Versatility
+70 Mastery","408 Armor
+167 [Strength or Intellect]
+3,369 Stamina
+120 Versatility
+71 Mastery",https://www.wowhead.com/item=251192
Blazebinder's Hoof,193762,"+127 Haste
Use: Bind with the blaze for 20 sec, giving your attacks a high chance to increase your Strength by 119, stacking up to 6 times. When your binding is complete, emit a burnout wave, dealing up to 88253 Fire damage split between all nearby enemies, based on the strength of your binding. (500ms cooldown) (2 Min Cooldown)","+128 Haste
Use: Bind with the blaze for 20 sec, giving your attacks a high chance to increase your Strength by 122, stacking up to 6 times. When your binding is complete, emit a burnout wave, dealing up to 90974 Fire damage split between all nearby enemies, based on the strength of your binding. (500ms cooldown) (2 Min Cooldown)","+130 Haste
Use: Bind with the blaze for 20 sec, giving your attacks a high chance to increase your Strength by 125, stacking up to 6 times. When your binding is complete, emit a burnout wave, dealing up to 93778 Fire damage split between all nearby enemies, based on the strength of your binding. (500ms cooldown) (2 Min Cooldown)","+133 Haste
Use: Bind with the blaze for 20 sec, giving your attacks a high chance to increase your Strength by 130, stacking up to 6 times. When your binding is complete, emit a burnout wave, dealing up to 97652 Fire damage split between all nearby enemies, based on the strength of your binding. (500ms cooldown) (2 Min Cooldown)","+134 Haste
Use: Bind with the blaze for 20 sec, giving your attacks a high chance to increase your Strength by 134, stacking up to 6 times. When your binding is complete, emit a burnout wave, dealing up to 100661 Fire damage split between all nearby enemies, based on the strength of your binding. (500ms cooldown) (2 Min Cooldown)","+136 Haste
Use: Bind with the blaze for 20 sec, giving your attacks a high chance to increase your Strength by 138, stacking up to 6 times. When your binding is complete, emit a burnout wave, dealing up to 103762 Fire damage split between all nearby enemies, based on the strength of your binding. (500ms cooldown) (2 Min Cooldown)",https://www.wowhead.com/item=193762
Bloodthorn Burnous,251190,"65 Armor
+81 [Agility or Strength or Intellect]
+1,572 Stamina
+65 Haste
+35 Mastery","66 Armor
+83 [Agility or Strength or Intellect]
+1,629 Stamina
+66 Haste
+35 Mastery","67 Armor
+86 [Agility or Strength or Intellect]
+1,689 Stamina
+67 Haste
+36 Mastery","69 Armor
+89 [Agility or Strength or Intellect]
+1,768 Stamina
+68 Haste
+37 Mastery","70 Armor
+91 [Agility or Strength or Intellect]
+1,830 Stamina
+69 Haste
+37 Mastery","72 Armor
+94 [Agility or Strength or Intellect]
+1,895 Stamina
+70 Haste
+37 Mastery",https://www.wowhead.com/item=251190
Bonds of the Hash'ura,251152,"235 Armor
+108 [Strength or Intellect]
+2,096 Stamina
+81 Critical Strike
+52 Mastery","240 Armor
+111 [Strength or Intellect]
+2,172 Stamina
+82 Critical Strike
+53 Mastery","245 Armor
+114 [Strength or Intellect]
+2,252 Stamina
+83 Critical Strike
+54 Mastery","252 Armor
+118 [Strength or Intellect]
+2,358 Stamina
+84 Critical Strike
+55 Mastery","257 Armor
+122 [Strength or Intellect]
+2,440 Stamina
+86 Critical Strike
+55 Mastery","262 Armor
+125 [Strength or Intellect]
+2,527 Stamina
+87 Critical Strike
+56 Mastery",https://www.wowhead.com/item=251152
Breastplate of Soaring Terror,193765,"418 Armor
+144 [Strength or Intellect]
+2,794 Stamina
+100 Critical Strike
+77 Mastery","426 Armor
+148 [Strength or Intellect]
+2,896 Stamina
+102 Critical Strike
+78 Mastery","435 Armor
+152 [Strength or Intellect]
+3,002 Stamina
+103 Critical Strike
+79 Mastery","447 Armor
+158 [Strength or Intellect]
+3,143 Stamina
+105 Critical Strike
+81 Mastery","456 Armor
+162 [Strength or Intellect]
+3,254 Stamina
+106 Critical Strike
+82 Mastery","466 Armor
+167 [Strength or Intellect]
+3,369 Stamina
+107 Critical Strike
+83 Mastery",https://www.wowhead.com/item=193765
Bulwark of Brimming Potential,158375,"679 Armor
110 Block
+72 [Strength or Intellect]
+1,397 Stamina
+50 Critical Strike
+39 Haste","693 Armor
112 Block
+74 [Strength or Intellect]
+1,448 Stamina
+51 Critical Strike
+39 Haste","706 Armor
115 Block
+76 [Strength or Intellect]
+1,501 Stamina
+51 Critical Strike
+40 Haste","725 Armor
118 Block
+79 [Strength or Intellect]
+1,572 Stamina
+52 Critical Strike
+40 Haste","739 Armor
120 Block
+81 [Strength or Intellect]
+1,627 Stamina
+53 Critical Strike
+41 Haste","754 Armor
123 Block
+84 [Strength or Intellect]
+1,684 Stamina
+54 Critical Strike
+41 Haste",https://www.wowhead.com/item=158375
C'thraxxi Binders Pauldrons,158360,"288 Armor
+108 [Strength or Intellect]
+2,096 Stamina
+55 Critical Strike
+78 Versatility","293 Armor
+111 [Strength or Intellect]
+2,172 Stamina
+56 Critical Strike
+79 Versatility","300 Armor
+114 [Strength or Intellect]
+2,252 Stamina
+57 Critical Strike
+80 Versatility","308 Armor
+118 [Strength or Intellect]
+2,358 Stamina
+58 Critical Strike
+82 Versatility","314 Armor
+122 [Strength or Intellect]
+2,440 Stamina
+58 Critical Strike
+83 Versatility","320 Armor
+125 [Strength or Intellect]
+2,527 Stamina
+59 Critical Strike
+84 Versatility",https://www.wowhead.com/item=158360
Charged Sandstone Band,158366,"+1,572 Stamina
+194 Critical Strike
+145 Mastery
Prismatic Socket","+1,629 Stamina
+198 Critical Strike
+148 Mastery
Prismatic Socket","+1,689 Stamina
+202 Critical Strike
+151 Mastery
Prismatic Socket","+1,768 Stamina
+207 Critical Strike
+155 Mastery
Prismatic Socket","+1,830 Stamina
+211 Critical Strike
+158 Mastery
Prismatic Socket","+1,895 Stamina
+215 Critical Strike
+161 Mastery
Prismatic Socket",https://www.wowhead.com/item=158366
Charonic Crescent,251232,"248 - 372 Damage
Speed 3.60
(86.1 damage per second)
+144 [Agility or Strength]
+2,794 Stamina
+104 Critical Strike
+74 Haste","255 - 383 Damage
Speed 3.60
(88.6 damage per second)
+148 [Agility or Strength]
+2,896 Stamina
+105 Critical Strike
+75 Haste","262 - 394 Damage
Speed 3.60
(91.1 damage per second)
+152 [Agility or Strength]
+3,002 Stamina
+107 Critical Strike
+76 Haste","273 - 409 Damage
Speed 3.60
(94.7 damage per second)
+158 [Agility or Strength]
+3,143 Stamina
+109 Critical Strike
+77 Haste","280 - 421 Damage
Speed 3.60
(97.4 damage per second)
+162 [Agility or Strength]
+3,254 Stamina
+110 Critical Strike
+78 Haste","288 - 433 Damage
Speed 3.60
(100.1 damage per second)
+167 [Agility or Strength]
+3,369 Stamina
+112 Critical Strike
+79 Haste",https://www.wowhead.com/item=251232
Cinderfury Shoulderguards,251126,"288 Armor
+108 [Strength or Intellect]
+2,096 Stamina
+87 Critical Strike
+47 Haste","293 Armor
+111 [Strength or Intellect]
+2,172 Stamina
+88 Critical Strike
+47 Haste","300 Armor
+114 [Strength or Intellect]
+2,252 Stamina
+89 Critical Strike
+48 Haste","308 Armor
+118 [Strength or Intellect]
+2,358 Stamina
+90 Critical Strike
+49 Haste","314 Armor
+122 [Strength or Intellect]
+2,440 Stamina
+92 Critical Strike
+49 Haste","320 Armor
+125 [Strength or Intellect]
+2,527 Stamina
+93 Critical Strike
+50 Haste",https://www.wowhead.com/item=251126
Cloak of the Restless Tribes,159288,"65 Armor
+81 [Agility or Strength or Intellect]
+1,572 Stamina
+54 Versatility
+46 Mastery
Equip: Standing still for 4 sec increases your Speed by 89. Lasts for 4 sec once you start moving.","66 Armor
+83 [Agility or Strength or Intellect]
+1,629 Stamina
+55 Versatility
+46 Mastery
Equip: Standing still for 4 sec increases your Speed by 90. Lasts for 4 sec once you start moving.","67 Armor
+86 [Agility or Strength or Intellect]
+1,689 Stamina
+56 Versatility
+47 Mastery
Equip: Standing still for 4 sec increases your Speed by 91. Lasts for 4 sec once you start moving.","69 Armor
+89 [Agility or Strength or Intellect]
+1,768 Stamina
+57 Versatility
+48 Mastery
Equip: Standing still for 4 sec increases your Speed by 93. Lasts for 4 sec once you start moving.","70 Armor
+91 [Agility or Strength or Intellect]
+1,830 Stamina
+57 Versatility
+48 Mastery
Equip: Standing still for 4 sec increases your Speed by 94. Lasts for 4 sec once you start moving.","72 Armor
+94 [Agility or Strength or Intellect]
+1,895 Stamina
+58 Versatility
+49 Mastery
Equip: Standing still for 4 sec increases your Speed by 96. Lasts for 4 sec once you start moving.",https://www.wowhead.com/item=159288
Coiled Fangstone,273795,"+137 Strength
Use: Unleash 3 Envenomed Bites centered on your target, inflicting a total of [(56787 * 3) * 1]) Nature damage split between nearby enemies. Damage increased by 30% per additional enemy, up to 150%. (1 Min Cooldown)","+141 Strength
Use: Unleash 3 Envenomed Bites centered on your target, inflicting a total of [(59336 * 3) * 1]) Nature damage split between nearby enemies. Damage increased by 30% per additional enemy, up to 150%. (1 Min Cooldown)","+145 Strength
Use: Unleash 3 Envenomed Bites centered on your target, inflicting a total of [(61984 * 3) * 1]) Nature damage split between nearby enemies. Damage increased by 30% per additional enemy, up to 150%. (1 Min Cooldown)","+150 Strength
Use: Unleash 3 Envenomed Bites centered on your target, inflicting a total of [(65675 * 3) * 1]) Nature damage split between nearby enemies. Damage increased by 30% per additional enemy, up to 150%. (1 Min Cooldown)","+154 Strength
Use: Unleash 3 Envenomed Bites centered on your target, inflicting a total of [(68567 * 3) * 1]) Nature damage split between nearby enemies. Damage increased by 30% per additional enemy, up to 150%. (1 Min Cooldown)","+159 Strength
Use: Unleash 3 Envenomed Bites centered on your target, inflicting a total of [(71571 * 3) * 1]) Nature damage split between nearby enemies. Damage increased by 30% per additional enemy, up to 150%. (1 Min Cooldown)",https://www.wowhead.com/item=273795
Crackling Jade Kilij,160216,"79 - 133 Damage
Speed 2.60
(40.8 damage per second)
+419 Intellect
+1,397 Stamina
+52 Critical Strike
+37 Mastery","82 - 137 Damage
Speed 2.60
(42.1 damage per second)
+431 Intellect
+1,448 Stamina
+53 Critical Strike
+37 Mastery","84 - 141 Damage
Speed 2.60
(43.3 damage per second)
+443 Intellect
+1,501 Stamina
+53 Critical Strike
+38 Mastery","87 - 146 Damage
Speed 2.60
(44.8 damage per second)
+460 Intellect
+1,572 Stamina
+54 Critical Strike
+38 Mastery","90 - 150 Damage
Speed 2.60
(46.2 damage per second)
+473 Intellect
+1,627 Stamina
+55 Critical Strike
+39 Mastery","92 - 154 Damage
Speed 2.60
(47.3 damage per second)
+486 Intellect
+1,684 Stamina
+56 Critical Strike
+39 Mastery",https://www.wowhead.com/item=160216
Desert Guardian's Breastplate,158364,"418 Armor
+144 [Strength or Intellect]
+2,794 Stamina
+104 Critical Strike
+74 Versatility","426 Armor
+148 [Strength or Intellect]
+2,896 Stamina
+105 Critical Strike
+75 Versatility","435 Armor
+152 [Strength or Intellect]
+3,002 Stamina
+107 Critical Strike
+76 Versatility","447 Armor
+158 [Strength or Intellect]
+3,143 Stamina
+109 Critical Strike
+77 Versatility","456 Armor
+162 [Strength or Intellect]
+3,254 Stamina
+110 Critical Strike
+78 Versatility","466 Armor
+167 [Strength or Intellect]
+3,369 Stamina
+112 Critical Strike
+79 Versatility",https://www.wowhead.com/item=158364
Despondent's Gauntlets,251227,"235 Armor
+108 [Strength or Intellect]
+2,096 Stamina
+87 Critical Strike
+47 Haste","240 Armor
+111 [Strength or Intellect]
+2,172 Stamina
+88 Critical Strike
+47 Haste","245 Armor
+114 [Strength or Intellect]
+2,252 Stamina
+89 Critical Strike
+48 Haste","252 Armor
+118 [Strength or Intellect]
+2,358 Stamina
+90 Critical Strike
+49 Haste","257 Armor
+122 [Strength or Intellect]
+2,440 Stamina
+92 Critical Strike
+49 Haste","262 Armor
+125 [Strength or Intellect]
+2,527 Stamina
+93 Critical Strike
+50 Haste",https://www.wowhead.com/item=251227
Drake Rider's Stecktarge,193770,"679 Armor
110 Block
+72 [Strength or Intellect]
+1,397 Stamina
+50 Critical Strike
+39 Haste","693 Armor
112 Block
+74 [Strength or Intellect]
+1,448 Stamina
+51 Critical Strike
+39 Haste","706 Armor
115 Block
+76 [Strength or Intellect]
+1,501 Stamina
+51 Critical Strike
+40 Haste","725 Armor
118 Block
+79 [Strength or Intellect]
+1,572 Stamina
+52 Critical Strike
+40 Haste","739 Armor
120 Block
+81 [Strength or Intellect]
+1,627 Stamina
+53 Critical Strike
+41 Haste","754 Armor
123 Block
+84 [Strength or Intellect]
+1,684 Stamina
+54 Critical Strike
+41 Haste",https://www.wowhead.com/item=193770
Embalmer's Steadying Bracers,159302,"209 Armor
+81 [Strength or Intellect]
+1,572 Stamina
+63 Critical Strike
+37 Versatility","213 Armor
+83 [Strength or Intellect]
+1,629 Stamina
+64 Critical Strike
+38 Versatility","218 Armor
+86 [Strength or Intellect]
+1,689 Stamina
+64 Critical Strike
+38 Versatility","224 Armor
+89 [Strength or Intellect]
+1,768 Stamina
+66 Critical Strike
+39 Versatility","228 Armor
+91 [Strength or Intellect]
+1,830 Stamina
+66 Critical Strike
+39 Versatility","233 Armor
+94 [Strength or Intellect]
+1,895 Stamina
+67 Critical Strike
+40 Versatility",https://www.wowhead.com/item=159302
Fangproof Gauntlets,158354,"235 Armor
+108 [Strength or Intellect]
+2,096 Stamina
+61 Versatility
+72 Mastery","240 Armor
+111 [Strength or Intellect]
+2,172 Stamina
+62 Versatility
+73 Mastery","245 Armor
+114 [Strength or Intellect]
+2,252 Stamina
+63 Versatility
+74 Mastery","252 Armor
+118 [Strength or Intellect]
+2,358 Stamina
+64 Versatility
+76 Mastery","257 Armor
+122 [Strength or Intellect]
+2,440 Stamina
+64 Versatility
+77 Mastery","262 Armor
+125 [Strength or Intellect]
+2,527 Stamina
+65 Versatility
+78 Mastery",https://www.wowhead.com/item=158354
Fireproof Drape,193763,"65 Armor
+81 [Agility or Strength or Intellect]
+1,572 Stamina
+37 Critical Strike
+63 Haste","66 Armor
+83 [Agility or Strength or Intellect]
+1,629 Stamina
+38 Critical Strike
+64 Haste","67 Armor
+86 [Agility or Strength or Intellect]
+1,689 Stamina
+38 Critical Strike
+64 Haste","69 Armor
+89 [Agility or Strength or Intellect]
+1,768 Stamina
+39 Critical Strike
+66 Haste","70 Armor
+91 [Agility or Strength or Intellect]
+1,830 Stamina
+39 Critical Strike
+66 Haste","72 Armor
+94 [Agility or Strength or Intellect]
+1,895 Stamina
+40 Critical Strike
+67 Haste",https://www.wowhead.com/item=193763
Galvanized Stormcrusher,215730,"186 - 239 Damage
Speed 2.60
(81.7 damage per second)
+721 Strength
+721 Agility
+969 Intellect
+2,656 Stamina
Dropped by: GaralonDrop Chance: 0.02%","191 - 246 Damage
Speed 2.60
(84.0 damage per second)
+742 Strength
+742 Agility
+997 Intellect
+2,753 Stamina
Dropped by: GaralonDrop Chance: 0.02%","196 - 253 Damage
Speed 2.60
(86.3 damage per second)
+763 Strength
+763 Agility
+1025 Intellect
+2,854 Stamina
Dropped by: GaralonDrop Chance: 0.02%","204 - 263 Damage
Speed 2.60
(89.8 damage per second)
+792 Strength
+792 Agility
+1064 Intellect
+2,988 Stamina
Dropped by: GaralonDrop Chance: 0.02%","210 - 270 Damage
Speed 2.60
(92.3 damage per second)
+814 Strength
+814 Agility
+1094 Intellect
+3,093 Stamina
Dropped by: GaralonDrop Chance: 0.02%","215 - 278 Damage
Speed 2.60
(94.8 damage per second)
+837 Strength
+837 Agility
+1125 Intellect
+3,203 Stamina
Dropped by: GaralonDrop Chance: 0.02%",https://www.wowhead.com/item=215730
Gauntlets of the Avian Sentinel,159315,"235 Armor
+108 [Strength or Intellect]
+2,096 Stamina
+81 Critical Strike
+52 Mastery","240 Armor
+111 [Strength or Intellect]
+2,172 Stamina
+82 Critical Strike
+53 Mastery","245 Armor
+114 [Strength or Intellect]
+2,252 Stamina
+83 Critical Strike
+54 Mastery","252 Armor
+118 [Strength or Intellect]
+2,358 Stamina
+84 Critical Strike
+55 Mastery","257 Armor
+122 [Strength or Intellect]
+2,440 Stamina
+86 Critical Strike
+55 Mastery","262 Armor
+125 [Strength or Intellect]
+2,527 Stamina
+87 Critical Strike
+56 Mastery",https://www.wowhead.com/item=159315
"Geti'ikku, Cut of Death",159365,"248 - 372 Damage
Speed 3.60
(86.1 damage per second)
+144 Strength
+2,794 Stamina
Equip: Your attacks have a chance to trigger bloody lacerations, inflicting (14820 * 1) Physical damage over 12 sec.","255 - 383 Damage
Speed 3.60
(88.6 damage per second)
+148 Strength
+2,896 Stamina
Equip: Your attacks have a chance to trigger bloody lacerations, inflicting (15485 * 1) Physical damage over 12 sec.","262 - 394 Damage
Speed 3.60
(91.1 damage per second)
+152 Strength
+3,002 Stamina
Equip: Your attacks have a chance to trigger bloody lacerations, inflicting (16175 * 1) Physical damage over 12 sec.","273 - 409 Damage
Speed 3.60
(94.7 damage per second)
+158 Strength
+3,143 Stamina
Equip: Your attacks have a chance to trigger bloody lacerations, inflicting (17138 * 1) Physical damage over 12 sec.","280 - 421 Damage
Speed 3.60
(97.4 damage per second)
+162 Strength
+3,254 Stamina
Equip: Your attacks have a chance to trigger bloody lacerations, inflicting (17892 * 1) Physical damage over 12 sec.","288 - 433 Damage
Speed 3.60
(100.1 damage per second)
+167 Strength
+3,369 Stamina
Equip: Your attacks have a chance to trigger bloody lacerations, inflicting (18675 * 1) Physical damage over 12 sec.",https://www.wowhead.com/item=159365
Girdle of Pestilent Purification,159319,"235 Armor
+108 [Strength or Intellect]
+2,096 Stamina
+75 Versatility
+58 Mastery","240 Armor
+111 [Strength or Intellect]
+2,172 Stamina
+76 Versatility
+59 Mastery","245 Armor
+114 [Strength or Intellect]
+2,252 Stamina
+77 Versatility
+60 Mastery","252 Armor
+118 [Strength or Intellect]
+2,358 Stamina
+79 Versatility
+61 Mastery","257 Armor
+122 [Strength or Intellect]
+2,440 Stamina
+80 Versatility
+61 Mastery","262 Armor
+125 [Strength or Intellect]
+2,527 Stamina
+81 Versatility
+62 Mastery",https://www.wowhead.com/item=159319
Graft of the Domanaar,251234,"+1,572 Stamina
+218 Critical Strike
+121 Mastery","+1,629 Stamina
+223 Critical Strike
+124 Mastery","+1,689 Stamina
+227 Critical Strike
+126 Mastery","+1,768 Stamina
+233 Critical Strike
+129 Mastery","+1,830 Stamina
+237 Critical Strike
+132 Mastery","+1,895 Stamina
+242 Critical Strike
+134 Mastery",https://www.wowhead.com/item=251234
Greathelm of Temptation,251123,"314 Armor
+144 [Strength or Intellect]
+2,794 Stamina
+104 Critical Strike
+74 Haste","320 Armor
+148 [Strength or Intellect]
+2,896 Stamina
+105 Critical Strike
+75 Haste","326 Armor
+152 [Strength or Intellect]
+3,002 Stamina
+107 Critical Strike
+76 Haste","335 Armor
+158 [Strength or Intellect]
+3,143 Stamina
+109 Critical Strike
+77 Haste","342 Armor
+162 [Strength or Intellect]
+3,254 Stamina
+110 Critical Strike
+78 Haste","350 Armor
+167 [Strength or Intellect]
+3,369 Stamina
+112 Critical Strike
+79 Haste",https://www.wowhead.com/item=251123
Havoc Crusher,193767,"186 - 239 Damage
Speed 2.60
(81.7 damage per second)
+72 Agility
+1,397 Stamina
+56 Critical Strike
+33 Haste","191 - 246 Damage
Speed 2.60
(84.0 damage per second)
+74 Agility
+1,448 Stamina
+57 Critical Strike
+33 Haste","196 - 253 Damage
Speed 2.60
(86.3 damage per second)
+76 Agility
+1,501 Stamina
+57 Critical Strike
+34 Haste","204 - 263 Damage
Speed 2.60
(89.8 damage per second)
+79 Agility
+1,572 Stamina
+58 Critical Strike
+34 Haste","210 - 270 Damage
Speed 2.60
(92.3 damage per second)
+81 Agility
+1,627 Stamina
+59 Critical Strike
+35 Haste","215 - 278 Damage
Speed 2.60
(94.8 damage per second)
+84 Agility
+1,684 Stamina
+60 Critical Strike
+35 Haste",https://www.wowhead.com/item=193767
Headcracker of Supplication,159645,"186 - 239 Damage
Speed 2.60
(81.7 damage per second)
+72 Agility
+1,397 Stamina
+37 Critical Strike
+52 Mastery","191 - 246 Damage
Speed 2.60
(84.0 damage per second)
+74 Agility
+1,448 Stamina
+37 Critical Strike
+53 Mastery","196 - 253 Damage
Speed 2.60
(86.3 damage per second)
+76 Agility
+1,501 Stamina
+38 Critical Strike
+53 Mastery","204 - 263 Damage
Speed 2.60
(89.8 damage per second)
+79 Agility
+1,572 Stamina
+38 Critical Strike
+54 Mastery","210 - 270 Damage
Speed 2.60
(92.3 damage per second)
+81 Agility
+1,627 Stamina
+39 Critical Strike
+55 Mastery","215 - 278 Damage
Speed 2.60
(94.8 damage per second)
+84 Agility
+1,684 Stamina
+39 Critical Strike
+56 Mastery",https://www.wowhead.com/item=159645
Helm of the Raptor King,159308,"314 Armor
+144 [Strength or Intellect]
+2,794 Stamina
+76 Critical Strike
+101 Haste","320 Armor
+148 [Strength or Intellect]
+2,896 Stamina
+77 Critical Strike
+103 Haste","326 Armor
+152 [Strength or Intellect]
+3,002 Stamina
+78 Critical Strike
+104 Haste","335 Armor
+158 [Strength or Intellect]
+3,143 Stamina
+80 Critical Strike
+106 Haste","342 Armor
+162 [Strength or Intellect]
+3,254 Stamina
+81 Critical Strike
+107 Haste","350 Armor
+167 [Strength or Intellect]
+3,369 Stamina
+82 Critical Strike
+109 Haste",https://www.wowhead.com/item=159308
Hulking Handaxe,251230,"159 - 266 Damage
Speed 2.60
(81.7 damage per second)
+72 [Strength or Agility]
+1,397 Stamina
+50 Critical Strike
+39 Haste","164 - 273 Damage
Speed 2.60
(84.0 damage per second)
+74 [Strength or Agility]
+1,448 Stamina
+51 Critical Strike
+39 Haste","168 - 281 Damage
Speed 2.60
(86.3 damage per second)
+76 [Strength or Agility]
+1,501 Stamina
+51 Critical Strike
+40 Haste","175 - 292 Damage
Speed 2.60
(89.8 damage per second)
+79 [Strength or Agility]
+1,572 Stamina
+52 Critical Strike
+40 Haste","180 - 300 Damage
Speed 2.60
(92.3 damage per second)
+81 [Strength or Agility]
+1,627 Stamina
+53 Critical Strike
+41 Haste","185 - 309 Damage
Speed 2.60
(95.0 damage per second)
+84 [Strength or Agility]
+1,684 Stamina
+54 Critical Strike
+41 Haste",https://www.wowhead.com/item=251230
Idol of the War Loa,250229,"+127 Critical Strike
Equip: You have proven your worth to Nalorakk. Your abilities have a chance to echo with the war god's furious roar, granting you 249 Strength for 15 sec.
Nearby allies with Nalorakk's favor are rallied, gaining 25% movement speed for 10 sec.","+128 Critical Strike
Equip: You have proven your worth to Nalorakk. Your abilities have a chance to echo with the war god's furious roar, granting you 253 Strength for 15 sec.
Nearby allies with Nalorakk's favor are rallied, gaining 25% movement speed for 10 sec.","+130 Critical Strike
Equip: You have proven your worth to Nalorakk. Your abilities have a chance to echo with the war god's furious roar, granting you 256 Strength for 15 sec.
Nearby allies with Nalorakk's favor are rallied, gaining 25% movement speed for 10 sec.","+133 Critical Strike
Equip: You have proven your worth to Nalorakk. Your abilities have a chance to echo with the war god's furious roar, granting you 261 Strength for 15 sec.
Nearby allies with Nalorakk's favor are rallied, gaining 25% movement speed for 10 sec.","+134 Critical Strike
Equip: You have proven your worth to Nalorakk. Your abilities have a chance to echo with the war god's furious roar, granting you 264 Strength for 15 sec.
Nearby allies with Nalorakk's favor are rallied, gaining 25% movement speed for 10 sec.","+136 Critical Strike
Equip: You have proven your worth to Nalorakk. Your abilities have a chance to echo with the war god's furious roar, granting you 268 Strength for 15 sec.
Nearby allies with Nalorakk's favor are rallied, gaining 25% movement speed for 10 sec.",https://www.wowhead.com/item=250229
Jade Ophidian Band,162544,"+1,572 Stamina
+126 Versatility
+213 Mastery
Prismatic Socket","+1,629 Stamina
+129 Versatility
+218 Mastery
Prismatic Socket","+1,689 Stamina
+131 Versatility
+222 Mastery
Prismatic Socket","+1,768 Stamina
+135 Versatility
+228 Mastery
Prismatic Socket","+1,830 Stamina
+137 Versatility
+232 Mastery
Prismatic Socket","+1,895 Stamina
+140 Versatility
+236 Mastery
Prismatic Socket",https://www.wowhead.com/item=162544
Legplates of Charged Duality,158361,"366 Armor
+144 [Strength or Intellect]
+2,794 Stamina
+81 Versatility
+96 Mastery","373 Armor
+148 [Strength or Intellect]
+2,896 Stamina
+82 Versatility
+98 Mastery","381 Armor
+152 [Strength or Intellect]
+3,002 Stamina
+83 Versatility
+99 Mastery","391 Armor
+158 [Strength or Intellect]
+3,143 Stamina
+85 Versatility
+101 Mastery","399 Armor
+162 [Strength or Intellect]
+3,254 Stamina
+86 Versatility
+102 Mastery","408 Armor
+167 [Strength or Intellect]
+3,369 Stamina
+87 Versatility
+103 Mastery",https://www.wowhead.com/item=158361
Lightwarden's Bind,251194,"+1,572 Stamina
+112 Versatility
+228 Mastery","+1,629 Stamina
+114 Versatility
+232 Mastery","+1,689 Stamina
+116 Versatility
+237 Mastery","+1,768 Stamina
+119 Versatility
+243 Mastery","+1,830 Stamina
+121 Versatility
+248 Mastery","+1,895 Stamina
+123 Versatility
+252 Mastery",https://www.wowhead.com/item=251194
Manaheart's Binding Flame,250243,"+137 [Agility or Strength]
Use: Form a Fel Shield for 10 sec, absorbing 30% of incoming damage, up to 238602. While the shield holds, a portion of the absorbed damage is stored as volatile Fel energy.
When the shield expires or breaks, the energy erupts and inflicts Fire damage to split between nearby enemies. (1 Min, 30 Sec Cooldown)","+141 [Agility or Strength]
Use: Form a Fel Shield for 10 sec, absorbing 30% of incoming damage, up to 249313. While the shield holds, a portion of the absorbed damage is stored as volatile Fel energy.
When the shield expires or breaks, the energy erupts and inflicts Fire damage to split between nearby enemies. (1 Min, 30 Sec Cooldown)","+145 [Agility or Strength]
Use: Form a Fel Shield for 10 sec, absorbing 30% of incoming damage, up to 260439. While the shield holds, a portion of the absorbed damage is stored as volatile Fel energy.
When the shield expires or breaks, the energy erupts and inflicts Fire damage to split between nearby enemies. (1 Min, 30 Sec Cooldown)","+150 [Agility or Strength]
Use: Form a Fel Shield for 10 sec, absorbing 30% of incoming damage, up to 275946. While the shield holds, a portion of the absorbed damage is stored as volatile Fel energy.
When the shield expires or breaks, the energy erupts and inflicts Fire damage to split between nearby enemies. (1 Min, 30 Sec Cooldown)","+154 [Agility or Strength]
Use: Form a Fel Shield for 10 sec, absorbing 30% of incoming damage, up to 288100. While the shield holds, a portion of the absorbed damage is stored as volatile Fel energy.
When the shield expires or breaks, the energy erupts and inflicts Fire damage to split between nearby enemies. (1 Min, 30 Sec Cooldown)","+159 [Agility or Strength]
Use: Form a Fel Shield for 10 sec, absorbing 30% of incoming damage, up to 300722. While the shield holds, a portion of the absorbed damage is stored as volatile Fel energy.
When the shield expires or breaks, the energy erupts and inflicts Fire damage to split between nearby enemies. (1 Min, 30 Sec Cooldown)",https://www.wowhead.com/item=250243
Mchimba's Ritual Bandages,159618,"+137 [Agility or Strength]
Use: Wrap yourself in ritual bandages, absorbing [176704 * (1 + Versatility)] damage for 6 sec. (1 Min Cooldown)","+141 [Agility or Strength]
Use: Wrap yourself in ritual bandages, absorbing [184636 * (1 + Versatility)] damage for 6 sec. (1 Min Cooldown)","+145 [Agility or Strength]
Use: Wrap yourself in ritual bandages, absorbing [192876 * (1 + Versatility)] damage for 6 sec. (1 Min Cooldown)","+150 [Agility or Strength]
Use: Wrap yourself in ritual bandages, absorbing [204360 * (1 + Versatility)] damage for 6 sec. (1 Min Cooldown)","+154 [Agility or Strength]
Use: Wrap yourself in ritual bandages, absorbing [213361 * (1 + Versatility)] damage for 6 sec. (1 Min Cooldown)","+159 [Agility or Strength]
Use: Wrap yourself in ritual bandages, absorbing [222709 * (1 + Versatility)] damage for 6 sec. (1 Min Cooldown)",https://www.wowhead.com/item=159618
Merektha's Fang,158367,"+137 Strength
Use: Pump the fang's noxious venom gland, spraying poisonous mist forward in a cone. The mist deals (8202 * 1) Nature damage every 1 sec over 3 sec, stacking up to 3 times. (2 Min Cooldown)","+141 Strength
Use: Pump the fang's noxious venom gland, spraying poisonous mist forward in a cone. The mist deals (8571 * 1) Nature damage every 1 sec over 3 sec, stacking up to 3 times. (2 Min Cooldown)","+145 Strength
Use: Pump the fang's noxious venom gland, spraying poisonous mist forward in a cone. The mist deals (8953 * 1) Nature damage every 1 sec over 3 sec, stacking up to 3 times. (2 Min Cooldown)","+150 Strength
Use: Pump the fang's noxious venom gland, spraying poisonous mist forward in a cone. The mist deals (9486 * 1) Nature damage every 1 sec over 3 sec, stacking up to 3 times. (2 Min Cooldown)","+154 Strength
Use: Pump the fang's noxious venom gland, spraying poisonous mist forward in a cone. The mist deals (9904 * 1) Nature damage every 1 sec over 3 sec, stacking up to 3 times. (2 Min Cooldown)","+159 Strength
Use: Pump the fang's noxious venom gland, spraying poisonous mist forward in a cone. The mist deals (10338 * 1) Nature damage every 1 sec over 3 sec, stacking up to 3 times. (2 Min Cooldown)",https://www.wowhead.com/item=158367
Overseer's Vambraces,251131,"209 Armor
+81 [Strength or Intellect]
+1,572 Stamina
+37 Critical Strike
+63 Haste","213 Armor
+83 [Strength or Intellect]
+1,629 Stamina
+38 Critical Strike
+64 Haste","218 Armor
+86 [Strength or Intellect]
+1,689 Stamina
+38 Critical Strike
+64 Haste","224 Armor
+89 [Strength or Intellect]
+1,768 Stamina
+39 Critical Strike
+66 Haste","228 Armor
+91 [Strength or Intellect]
+1,830 Stamina
+39 Critical Strike
+66 Haste","233 Armor
+94 [Strength or Intellect]
+1,895 Stamina
+40 Critical Strike
+67 Haste",https://www.wowhead.com/item=251131
Pauldrons of the Great Unifier,159311,"288 Armor
+108 [Strength or Intellect]
+2,096 Stamina
+78 Critical Strike
+55 Versatility","293 Armor
+111 [Strength or Intellect]
+2,172 Stamina
+79 Critical Strike
+56 Versatility","300 Armor
+114 [Strength or Intellect]
+2,252 Stamina
+80 Critical Strike
+57 Versatility","308 Armor
+118 [Strength or Intellect]
+2,358 Stamina
+82 Critical Strike
+58 Versatility","314 Armor
+122 [Strength or Intellect]
+2,440 Stamina
+83 Critical Strike
+58 Versatility","320 Armor
+125 [Strength or Intellect]
+2,527 Stamina
+84 Critical Strike
+59 Versatility",https://www.wowhead.com/item=159311
Pendant of Malefic Fury,251142,"+1,572 Stamina
+107 Haste
+233 Mastery","+1,629 Stamina
+109 Haste
+237 Mastery","+1,689 Stamina
+111 Haste
+242 Mastery","+1,768 Stamina
+114 Haste
+248 Mastery","+1,830 Stamina
+116 Haste
+253 Mastery","+1,895 Stamina
+118 Haste
+258 Mastery",https://www.wowhead.com/item=251142
Permafrost Essence,250244,"Equip: You gain Nalorakk's Favor of Enduring. Taking damage has a chance to grant a Mark of Frost, increasing your Critical Strike by 75 for 15 sec. Stacks up to 10 times.
If your health falls below 25%, the reservoir ruptures, consuming all marks to form a Frost Barrier that absorbs 55014 damage per mark for 10 sec.","Equip: You gain Nalorakk's Favor of Enduring. Taking damage has a chance to grant a Mark of Frost, increasing your Critical Strike by 76 for 15 sec. Stacks up to 10 times.
If your health falls below 25%, the reservoir ruptures, consuming all marks to form a Frost Barrier that absorbs 56711 damage per mark for 10 sec.","Equip: You gain Nalorakk's Favor of Enduring. Taking damage has a chance to grant a Mark of Frost, increasing your Critical Strike by 78 for 15 sec. Stacks up to 10 times.
If your health falls below 25%, the reservoir ruptures, consuming all marks to form a Frost Barrier that absorbs 58459 damage per mark for 10 sec.","Equip: You gain Nalorakk's Favor of Enduring. Taking damage has a chance to grant a Mark of Frost, increasing your Critical Strike by 79 for 15 sec. Stacks up to 10 times.
If your health falls below 25%, the reservoir ruptures, consuming all marks to form a Frost Barrier that absorbs 60874 damage per mark for 10 sec.","Equip: You gain Nalorakk's Favor of Enduring. Taking damage has a chance to grant a Mark of Frost, increasing your Critical Strike by 80 for 15 sec. Stacks up to 10 times.
If your health falls below 25%, the reservoir ruptures, consuming all marks to form a Frost Barrier that absorbs 62749 damage per mark for 10 sec.","Equip: You gain Nalorakk's Favor of Enduring. Taking damage has a chance to grant a Mark of Frost, increasing your Critical Strike by 81 for 15 sec. Stacks up to 10 times.
If your health falls below 25%, the reservoir ruptures, consuming all marks to form a Frost Barrier that absorbs 64683 damage per mark for 10 sec.",https://www.wowhead.com/item=250244
Pilfered Precious Band,251148,"+1,572 Stamina
+136 Critical Strike
+204 Versatility
""""The Hoardmonger was strangely attached to this 'precious' ring.""""","+1,629 Stamina
+138 Critical Strike
+208 Versatility
""""The Hoardmonger was strangely attached to this 'precious' ring.""""","+1,689 Stamina
+141 Critical Strike
+212 Versatility
""""The Hoardmonger was strangely attached to this 'precious' ring.""""","+1,768 Stamina
+145 Critical Strike
+217 Versatility
""""The Hoardmonger was strangely attached to this 'precious' ring.""""","+1,830 Stamina
+148 Critical Strike
+221 Versatility
""""The Hoardmonger was strangely attached to this 'precious' ring.""""","+1,895 Stamina
+150 Critical Strike
+225 Versatility
""""The Hoardmonger was strangely attached to this 'precious' ring.""""",https://www.wowhead.com/item=251148
Poison-Proof Stompers,273784,"261 Armor
+108 [Strength or Intellect]
+2,096 Stamina
+78 Critical Strike
+55 Versatility","266 Armor
+111 [Strength or Intellect]
+2,172 Stamina
+79 Critical Strike
+56 Versatility","272 Armor
+114 [Strength or Intellect]
+2,252 Stamina
+80 Critical Strike
+57 Versatility","280 Armor
+118 [Strength or Intellect]
+2,358 Stamina
+82 Critical Strike
+58 Versatility","285 Armor
+122 [Strength or Intellect]
+2,440 Stamina
+83 Critical Strike
+58 Versatility","291 Armor
+125 [Strength or Intellect]
+2,527 Stamina
+84 Critical Strike
+59 Versatility",https://www.wowhead.com/item=273784
Pruning Lance,251193,"248 - 372 Damage
Speed 3.60
(86.1 damage per second)
+144 [Agility or Strength]
+2,794 Stamina
+112 Haste
+66 Mastery","255 - 383 Damage
Speed 3.60
(88.6 damage per second)
+148 [Agility or Strength]
+2,896 Stamina
+113 Haste
+67 Mastery","262 - 394 Damage
Speed 3.60
(91.1 damage per second)
+152 [Agility or Strength]
+3,002 Stamina
+115 Haste
+68 Mastery","273 - 409 Damage
Speed 3.60
(94.7 damage per second)
+158 [Agility or Strength]
+3,143 Stamina
+117 Haste
+69 Mastery","280 - 421 Damage
Speed 3.60
(97.4 damage per second)
+162 [Agility or Strength]
+3,254 Stamina
+118 Haste
+70 Mastery","288 - 433 Damage
Speed 3.60
(100.1 damage per second)
+167 [Agility or Strength]
+3,369 Stamina
+120 Haste
+71 Mastery",https://www.wowhead.com/item=251193
Resonant Bellowstone,250228,"+137 [Agility or Strength]
Equip: Your damaging abilities have a chance to echo with Xathuux's furious roar, increasing your Critical Strike by 171 for 30 sec.
During this time, each of your attacks increases your Critical Strike by an additional 23, stacking up to a maximum of 5 times. (30s cooldown)","+141 [Agility or Strength]
Equip: Your damaging abilities have a chance to echo with Xathuux's furious roar, increasing your Critical Strike by 173 for 30 sec.
During this time, each of your attacks increases your Critical Strike by an additional 23, stacking up to a maximum of 5 times. (30s cooldown)","+145 [Agility or Strength]
Equip: Your damaging abilities have a chance to echo with Xathuux's furious roar, increasing your Critical Strike by 175 for 30 sec.
During this time, each of your attacks increases your Critical Strike by an additional 24, stacking up to a maximum of 5 times. (30s cooldown)","+150 [Agility or Strength]
Equip: Your damaging abilities have a chance to echo with Xathuux's furious roar, increasing your Critical Strike by 179 for 30 sec.
During this time, each of your attacks increases your Critical Strike by an additional 24, stacking up to a maximum of 5 times. (30s cooldown)","+154 [Agility or Strength]
Equip: Your damaging abilities have a chance to echo with Xathuux's furious roar, increasing your Critical Strike by 181 for 30 sec.
During this time, each of your attacks increases your Critical Strike by an additional 24, stacking up to a maximum of 5 times. (30s cooldown)","+159 [Agility or Strength]
Equip: Your damaging abilities have a chance to echo with Xathuux's furious roar, increasing your Critical Strike by 183 for 30 sec.
During this time, each of your attacks increases your Critical Strike by an additional 25, stacking up to a maximum of 5 times. (30s cooldown)",https://www.wowhead.com/item=250228
Resonating Crystal Scimitar,158373,"159 - 266 Damage
Speed 2.60
(81.7 damage per second)
+72 Strength
+1,397 Stamina
+50 Critical Strike
+39 Haste","164 - 273 Damage
Speed 2.60
(84.0 damage per second)
+74 Strength
+1,448 Stamina
+51 Critical Strike
+39 Haste","168 - 281 Damage
Speed 2.60
(86.3 damage per second)
+76 Strength
+1,501 Stamina
+51 Critical Strike
+40 Haste","175 - 292 Damage
Speed 2.60
(89.8 damage per second)
+79 Strength
+1,572 Stamina
+52 Critical Strike
+40 Haste","180 - 300 Damage
Speed 2.60
(92.3 damage per second)
+81 Strength
+1,627 Stamina
+53 Critical Strike
+41 Haste","185 - 309 Damage
Speed 2.60
(95.0 damage per second)
+84 Strength
+1,684 Stamina
+54 Critical Strike
+41 Haste",https://www.wowhead.com/item=158373
Ritual Binder's Ring,159459,"+1,572 Stamina
+223 Haste
+116 Versatility","+1,629 Stamina
+228 Haste
+119 Versatility","+1,689 Stamina
+232 Haste
+121 Versatility","+1,768 Stamina
+238 Haste
+124 Versatility","+1,830 Stamina
+242 Haste
+126 Versatility","+1,895 Stamina
+247 Haste
+129 Versatility",https://www.wowhead.com/item=159459
Royal Purifier's Spade,159646,"248 - 372 Damage
Speed 3.60
(86.1 damage per second)
+144 [Agility or Strength]
+2,794 Stamina
+100 Critical Strike
+77 Mastery","255 - 383 Damage
Speed 3.60
(88.6 damage per second)
+148 [Agility or Strength]
+2,896 Stamina
+102 Critical Strike
+78 Mastery","262 - 394 Damage
Speed 3.60
(91.1 damage per second)
+152 [Agility or Strength]
+3,002 Stamina
+103 Critical Strike
+79 Mastery","273 - 409 Damage
Speed 3.60
(94.7 damage per second)
+158 [Agility or Strength]
+3,143 Stamina
+105 Critical Strike
+81 Mastery","280 - 421 Damage
Speed 3.60
(97.4 damage per second)
+162 [Agility or Strength]
+3,254 Stamina
+106 Critical Strike
+82 Mastery","288 - 433 Damage
Speed 3.60
(100.1 damage per second)
+167 [Agility or Strength]
+3,369 Stamina
+107 Critical Strike
+83 Mastery",https://www.wowhead.com/item=159646
Ruby Whelp Shell,193757,"+137 [Agility or Strength or Intellect]
Equip: Your spells and abilities have a chance to call a Ruby Whelpling, which will try to be helpful and assist you in combat.
Use: Call your Ruby Whelpling to inspect your target's situation, teaching them how to be helpful. (1 Day Cooldown)","+141 [Agility or Strength or Intellect]
Equip: Your spells and abilities have a chance to call a Ruby Whelpling, which will try to be helpful and assist you in combat.
Use: Call your Ruby Whelpling to inspect your target's situation, teaching them how to be helpful. (1 Day Cooldown)","+145 [Agility or Strength or Intellect]
Equip: Your spells and abilities have a chance to call a Ruby Whelpling, which will try to be helpful and assist you in combat.
Use: Call your Ruby Whelpling to inspect your target's situation, teaching them how to be helpful. (1 Day Cooldown)","+150 [Agility or Strength or Intellect]
Equip: Your spells and abilities have a chance to call a Ruby Whelpling, which will try to be helpful and assist you in combat.
Use: Call your Ruby Whelpling to inspect your target's situation, teaching them how to be helpful. (1 Day Cooldown)","+154 [Agility or Strength or Intellect]
Equip: Your spells and abilities have a chance to call a Ruby Whelpling, which will try to be helpful and assist you in combat.
Use: Call your Ruby Whelpling to inspect your target's situation, teaching them how to be helpful. (1 Day Cooldown)","+159 [Agility or Strength or Intellect]
Equip: Your spells and abilities have a chance to call a Ruby Whelpling, which will try to be helpful and assist you in combat.
Use: Call your Ruby Whelpling to inspect your target's situation, teaching them how to be helpful. (1 Day Cooldown)",https://www.wowhead.com/item=193757
Sand-Scoured Greatbelt,158358,"235 Armor
+108 [Strength or Intellect]
+2,096 Stamina
+52 Haste
+81 Mastery","240 Armor
+111 [Strength or Intellect]
+2,172 Stamina
+53 Haste
+82 Mastery","245 Armor
+114 [Strength or Intellect]
+2,252 Stamina
+54 Haste
+83 Mastery","252 Armor
+118 [Strength or Intellect]
+2,358 Stamina
+55 Haste
+84 Mastery","257 Armor
+122 [Strength or Intellect]
+2,440 Stamina
+55 Haste
+86 Mastery","262 Armor
+125 [Strength or Intellect]
+2,527 Stamina
+56 Haste
+87 Mastery",https://www.wowhead.com/item=158358
Sapling of the Dawnroot,250259,"+137 [Agility or Strength or Intellect]
Equip: Your spells and abilities have a chance to uproot a Lightspawn Lasher to aid you in combat for 15 sec, dealing up to [1 * (4069 * 10)] Physical damage.
The Lightspawn Lasher then withers, bursting into light-infused sap and inflicting (1 * 10596) Holy damage split among nearby enemies.","+141 [Agility or Strength or Intellect]
Equip: Your spells and abilities have a chance to uproot a Lightspawn Lasher to aid you in combat for 15 sec, dealing up to [1 * (4251 * 10)] Physical damage.
The Lightspawn Lasher then withers, bursting into light-infused sap and inflicting (1 * 11072) Holy damage split among nearby enemies.","+145 [Agility or Strength or Intellect]
Equip: Your spells and abilities have a chance to uproot a Lightspawn Lasher to aid you in combat for 15 sec, dealing up to [1 * (4441 * 10)] Physical damage.
The Lightspawn Lasher then withers, bursting into light-infused sap and inflicting (1 * 11566) Holy damage split among nearby enemies.","+150 [Agility or Strength or Intellect]
Equip: Your spells and abilities have a chance to uproot a Lightspawn Lasher to aid you in combat for 15 sec, dealing up to [1 * (4706 * 10)] Physical damage.
The Lightspawn Lasher then withers, bursting into light-infused sap and inflicting (1 * 12255) Holy damage split among nearby enemies.","+154 [Agility or Strength or Intellect]
Equip: Your spells and abilities have a chance to uproot a Lightspawn Lasher to aid you in combat for 15 sec, dealing up to [1 * (4913 * 10)] Physical damage.
The Lightspawn Lasher then withers, bursting into light-infused sap and inflicting (1 * 12794) Holy damage split among nearby enemies.","+159 [Agility or Strength or Intellect]
Equip: Your spells and abilities have a chance to uproot a Lightspawn Lasher to aid you in combat for 15 sec, dealing up to [1 * (5128 * 10)] Physical damage.
The Lightspawn Lasher then withers, bursting into light-infused sap and inflicting (1 * 13355) Holy damage split among nearby enemies.",https://www.wowhead.com/item=250259
Scaleguard's Stalwart Greatboots,193755,"261 Armor
+108 [Strength or Intellect]
+2,096 Stamina
+78 Critical Strike
+55 Versatility","266 Armor
+111 [Strength or Intellect]
+2,172 Stamina
+79 Critical Strike
+56 Versatility","272 Armor
+114 [Strength or Intellect]
+2,252 Stamina
+80 Critical Strike
+57 Versatility","280 Armor
+118 [Strength or Intellect]
+2,358 Stamina
+82 Critical Strike
+58 Versatility","285 Armor
+122 [Strength or Intellect]
+2,440 Stamina
+83 Critical Strike
+58 Versatility","291 Armor
+125 [Strength or Intellect]
+2,527 Stamina
+84 Critical Strike
+59 Versatility",https://www.wowhead.com/item=193755
Seed of the Devouring Wild,250238,"+137 Strength
Use: Awaken the Bloodthorn Roots, erupting around your target and inflicting (61583 * 1) Nature damage split among nearby enemies. You absorb their essence, gaining 364 Mastery for 10 sec. (1 Min, 30 Sec Cooldown)","+141 Strength
Use: Awaken the Bloodthorn Roots, erupting around your target and inflicting (64347 * 1) Nature damage split among nearby enemies. You absorb their essence, gaining 369 Mastery for 10 sec. (1 Min, 30 Sec Cooldown)","+145 Strength
Use: Awaken the Bloodthorn Roots, erupting around your target and inflicting (67219 * 1) Nature damage split among nearby enemies. You absorb their essence, gaining 374 Mastery for 10 sec. (1 Min, 30 Sec Cooldown)","+150 Strength
Use: Awaken the Bloodthorn Roots, erupting around your target and inflicting (71221 * 1) Nature damage split among nearby enemies. You absorb their essence, gaining 381 Mastery for 10 sec. (1 Min, 30 Sec Cooldown)","+154 Strength
Use: Awaken the Bloodthorn Roots, erupting around your target and inflicting (74358 * 1) Nature damage split among nearby enemies. You absorb their essence, gaining 386 Mastery for 10 sec. (1 Min, 30 Sec Cooldown)","+159 Strength
Use: Awaken the Bloodthorn Roots, erupting around your target and inflicting (77616 * 1) Nature damage split among nearby enemies. You absorb their essence, gaining 391 Mastery for 10 sec. (1 Min, 30 Sec Cooldown)",https://www.wowhead.com/item=250238
Sentinel Challenger's Prize,251149,"418 Armor
+144 [Strength or Intellect]
+2,794 Stamina
+66 Haste
+112 Mastery","426 Armor
+148 [Strength or Intellect]
+2,896 Stamina
+67 Haste
+113 Mastery","435 Armor
+152 [Strength or Intellect]
+3,002 Stamina
+68 Haste
+115 Mastery","447 Armor
+158 [Strength or Intellect]
+3,143 Stamina
+69 Haste
+117 Mastery","456 Armor
+162 [Strength or Intellect]
+3,254 Stamina
+70 Haste
+118 Mastery","466 Armor
+167 [Strength or Intellect]
+3,369 Stamina
+71 Haste
+120 Mastery",https://www.wowhead.com/item=251149
Shard-Tipped Vambraces,158350,"209 Armor
+81 [Strength or Intellect]
+1,572 Stamina
+65 Critical Strike
+35 Mastery","213 Armor
+83 [Strength or Intellect]
+1,629 Stamina
+66 Critical Strike
+35 Mastery","218 Armor
+86 [Strength or Intellect]
+1,689 Stamina
+67 Critical Strike
+36 Mastery","224 Armor
+89 [Strength or Intellect]
+1,768 Stamina
+68 Critical Strike
+37 Mastery","228 Armor
+91 [Strength or Intellect]
+1,830 Stamina
+69 Critical Strike
+37 Mastery","233 Armor
+94 [Strength or Intellect]
+1,895 Stamina
+70 Critical Strike
+37 Mastery",https://www.wowhead.com/item=158350
Sickening Signet of Atroxus,252258,"+1,572 Stamina
+233 Haste
+107 Mastery","+1,629 Stamina
+237 Haste
+109 Mastery","+1,689 Stamina
+242 Haste
+111 Mastery","+1,768 Stamina
+248 Haste
+114 Mastery","+1,830 Stamina
+253 Haste
+116 Mastery","+1,895 Stamina
+258 Haste
+118 Mastery",https://www.wowhead.com/item=252258
Signet of Snarling Servitude,251136,"+1,572 Stamina
+208 Critical Strike
+131 Mastery","+1,629 Stamina
+213 Critical Strike
+134 Mastery","+1,689 Stamina
+217 Critical Strike
+136 Mastery","+1,768 Stamina
+222 Critical Strike
+140 Mastery","+1,830 Stamina
+227 Critical Strike
+142 Mastery","+1,895 Stamina
+231 Critical Strike
+145 Mastery",https://www.wowhead.com/item=251136
Speakeasy Shroud,251132,"65 Armor
+81 [Agility or Strength or Intellect]
+1,572 Stamina
+58 Critical Strike
+41 Mastery","66 Armor
+83 [Agility or Strength or Intellect]
+1,629 Stamina
+59 Critical Strike
+42 Mastery","67 Armor
+86 [Agility or Strength or Intellect]
+1,689 Stamina
+60 Critical Strike
+42 Mastery","69 Armor
+89 [Agility or Strength or Intellect]
+1,768 Stamina
+61 Critical Strike
+43 Mastery","70 Armor
+91 [Agility or Strength or Intellect]
+1,830 Stamina
+62 Critical Strike
+44 Mastery","72 Armor
+94 [Agility or Strength or Intellect]
+1,895 Stamina
+63 Critical Strike
+44 Mastery",https://www.wowhead.com/item=251132
Strand of Warding Fangs,273781,"+1,572 Stamina
+193 Critical Strike
+146 Haste","+1,629 Stamina
+197 Critical Strike
+149 Haste","+1,689 Stamina
+201 Critical Strike
+152 Haste","+1,768 Stamina
+206 Critical Strike
+156 Haste","+1,830 Stamina
+210 Critical Strike
+159 Haste","+1,895 Stamina
+214 Critical Strike
+162 Haste",https://www.wowhead.com/item=273781
Taproot Ribs,251184,"418 Armor
+144 [Strength or Intellect]
+2,794 Stamina
+70 Versatility
+108 Mastery","426 Armor
+148 [Strength or Intellect]
+2,896 Stamina
+71 Versatility
+109 Mastery","435 Armor
+152 [Strength or Intellect]
+3,002 Stamina
+72 Versatility
+111 Mastery","447 Armor
+158 [Strength or Intellect]
+3,143 Stamina
+73 Versatility
+113 Mastery","456 Armor
+162 [Strength or Intellect]
+3,254 Stamina
+74 Versatility
+114 Mastery","466 Armor
+167 [Strength or Intellect]
+3,369 Stamina
+75 Versatility
+116 Mastery",https://www.wowhead.com/item=251184
Tattered Amani War Banner,273797,"+137 [Agility or Strength]
Use: Plant the banner for 15 sec! Fighting within 12 yards of it fills you with Battle Fervor, granting 507 of your highest secondary stat. Defeating at least 1 enemy while the banner stands will extend Banner's duration by 5 sec. (1 Min, 30 Sec Cooldown)
""""Aged and worn, it has led the Amani to countless victories in ages past.""""","+141 [Agility or Strength]
Use: Plant the banner for 15 sec! Fighting within 12 yards of it fills you with Battle Fervor, granting 514 of your highest secondary stat. Defeating at least 1 enemy while the banner stands will extend Banner's duration by 5 sec. (1 Min, 30 Sec Cooldown)
""""Aged and worn, it has led the Amani to countless victories in ages past.""""","+145 [Agility or Strength]
Use: Plant the banner for 15 sec! Fighting within 12 yards of it fills you with Battle Fervor, granting 521 of your highest secondary stat. Defeating at least 1 enemy while the banner stands will extend Banner's duration by 5 sec. (1 Min, 30 Sec Cooldown)
""""Aged and worn, it has led the Amani to countless victories in ages past.""""","+150 [Agility or Strength]
Use: Plant the banner for 15 sec! Fighting within 12 yards of it fills you with Battle Fervor, granting 530 of your highest secondary stat. Defeating at least 1 enemy while the banner stands will extend Banner's duration by 5 sec. (1 Min, 30 Sec Cooldown)
""""Aged and worn, it has led the Amani to countless victories in ages past.""""","+154 [Agility or Strength]
Use: Plant the banner for 15 sec! Fighting within 12 yards of it fills you with Battle Fervor, granting 537 of your highest secondary stat. Defeating at least 1 enemy while the banner stands will extend Banner's duration by 5 sec. (1 Min, 30 Sec Cooldown)
""""Aged and worn, it has led the Amani to countless victories in ages past.""""","+159 [Agility or Strength]
Use: Plant the banner for 15 sec! Fighting within 12 yards of it fills you with Battle Fervor, granting 544 of your highest secondary stat. Defeating at least 1 enemy while the banner stands will extend Banner's duration by 5 sec. (1 Min, 30 Sec Cooldown)
""""Aged and worn, it has led the Amani to countless victories in ages past.""""",https://www.wowhead.com/item=273797
Taz'Rah's Cosmic Edge,251218,"159 - 266 Damage
Speed 2.60
(81.7 damage per second)
+72 Strength
+1,397 Stamina
+52 Haste
+37 Mastery","164 - 273 Damage
Speed 2.60
(84.0 damage per second)
+74 Strength
+1,448 Stamina
+53 Haste
+37 Mastery","168 - 281 Damage
Speed 2.60
(86.3 damage per second)
+76 Strength
+1,501 Stamina
+53 Haste
+38 Mastery","175 - 292 Damage
Speed 2.60
(89.8 damage per second)
+79 Strength
+1,572 Stamina
+54 Haste
+38 Mastery","180 - 300 Damage
Speed 2.60
(92.3 damage per second)
+81 Strength
+1,627 Stamina
+55 Haste
+39 Mastery","185 - 309 Damage
Speed 2.60
(95.0 damage per second)
+84 Strength
+1,684 Stamina
+56 Haste
+39 Mastery",https://www.wowhead.com/item=251218
Teldrassil's Sacrifice,251201,"679 Armor
110 Block
+72 [Strength or Intellect]
+1,397 Stamina
+56 Mastery
+33 Critical Strike","693 Armor
112 Block
+74 [Strength or Intellect]
+1,448 Stamina
+57 Mastery
+33 Critical Strike","706 Armor
115 Block
+76 [Strength or Intellect]
+1,501 Stamina
+57 Mastery
+34 Critical Strike","725 Armor
118 Block
+79 [Strength or Intellect]
+1,572 Stamina
+58 Mastery
+34 Critical Strike","739 Armor
120 Block
+81 [Strength or Intellect]
+1,627 Stamina
+59 Mastery
+35 Critical Strike","754 Armor
123 Block
+84 [Strength or Intellect]
+1,684 Stamina
+60 Mastery
+35 Critical Strike",https://www.wowhead.com/item=251201
Tempest's Shelter,251162,"679 Armor
110 Block
+72 [Strength or Intellect]
+1,397 Stamina
+52 Haste
+37 Versatility","693 Armor
112 Block
+74 [Strength or Intellect]
+1,448 Stamina
+53 Haste
+37 Versatility","706 Armor
115 Block
+76 [Strength or Intellect]
+1,501 Stamina
+53 Haste
+38 Versatility","725 Armor
118 Block
+79 [Strength or Intellect]
+1,572 Stamina
+54 Haste
+38 Versatility","739 Armor
120 Block
+81 [Strength or Intellect]
+1,627 Stamina
+55 Haste
+39 Versatility","754 Armor
123 Block
+84 [Strength or Intellect]
+1,684 Stamina
+56 Haste
+39 Versatility",https://www.wowhead.com/item=251162
Thorned Reply,251195,"159 - 266 Damage
Speed 2.60
(81.7 damage per second)
+72 Strength
+1,397 Stamina
+37 Critical Strike
+52 Haste","164 - 273 Damage
Speed 2.60
(84.0 damage per second)
+74 Strength
+1,448 Stamina
+37 Critical Strike
+53 Haste","168 - 281 Damage
Speed 2.60
(86.3 damage per second)
+76 Strength
+1,501 Stamina
+38 Critical Strike
+53 Haste","175 - 292 Damage
Speed 2.60
(89.8 damage per second)
+79 Strength
+1,572 Stamina
+38 Critical Strike
+54 Haste","180 - 300 Damage
Speed 2.60
(92.3 damage per second)
+81 Strength
+1,627 Stamina
+39 Critical Strike
+55 Haste","185 - 309 Damage
Speed 2.60
(95.0 damage per second)
+84 Strength
+1,684 Stamina
+39 Critical Strike
+56 Haste",https://www.wowhead.com/item=251195
Thornspike Gauntlets,251188,"235 Armor
+108 [Strength or Intellect]
+2,096 Stamina
+84 Critical Strike
+49 Versatility","240 Armor
+111 [Strength or Intellect]
+2,172 Stamina
+85 Critical Strike
+50 Versatility","245 Armor
+114 [Strength or Intellect]
+2,252 Stamina
+86 Critical Strike
+51 Versatility","252 Armor
+118 [Strength or Intellect]
+2,358 Stamina
+87 Critical Strike
+52 Versatility","257 Armor
+122 [Strength or Intellect]
+2,440 Stamina
+89 Critical Strike
+52 Versatility","262 Armor
+125 [Strength or Intellect]
+2,527 Stamina
+90 Critical Strike
+53 Versatility",https://www.wowhead.com/item=251188
Tumor of the Swarm,250245,"+137 [Agility or Strength]
Equip: Your attacks have a chance to release toxic parasites that burst around you, dealing 18871 Nature damage split among nearby enemies and healing you for 11872.","+141 [Agility or Strength]
Equip: Your attacks have a chance to release toxic parasites that burst around you, dealing 19718 Nature damage split among nearby enemies and healing you for 12405.","+145 [Agility or Strength]
Equip: Your attacks have a chance to release toxic parasites that burst around you, dealing 20598 Nature damage split among nearby enemies and healing you for 12959.","+150 [Agility or Strength]
Equip: Your attacks have a chance to release toxic parasites that burst around you, dealing 21824 Nature damage split among nearby enemies and healing you for 13730.","+154 [Agility or Strength]
Equip: Your attacks have a chance to release toxic parasites that burst around you, dealing 22785 Nature damage split among nearby enemies and healing you for 14335.","+159 [Agility or Strength]
Equip: Your attacks have a chance to release toxic parasites that burst around you, dealing 23784 Nature damage split among nearby enemies and healing you for 14963.",https://www.wowhead.com/item=250245
Twin-Strike Polearm,158371,"248 - 372 Damage
Speed 3.60
(86.1 damage per second)
+144 [Agility or Strength]
+2,794 Stamina
+104 Critical Strike
+74 Versatility","255 - 383 Damage
Speed 3.60
(88.6 damage per second)
+148 [Agility or Strength]
+2,896 Stamina
+105 Critical Strike
+75 Versatility","262 - 394 Damage
Speed 3.60
(91.1 damage per second)
+152 [Agility or Strength]
+3,002 Stamina
+107 Critical Strike
+76 Versatility","273 - 409 Damage
Speed 3.60
(94.7 damage per second)
+158 [Agility or Strength]
+3,143 Stamina
+109 Critical Strike
+77 Versatility","280 - 421 Damage
Speed 3.60
(97.4 damage per second)
+162 [Agility or Strength]
+3,254 Stamina
+110 Critical Strike
+78 Versatility","288 - 433 Damage
Speed 3.60
(100.1 damage per second)
+167 [Agility or Strength]
+3,369 Stamina
+112 Critical Strike
+79 Versatility",https://www.wowhead.com/item=158371
Venom-Etched Crescent,273785,"159 - 266 Damage
Speed 2.60
(81.7 damage per second)
+72 [Strength or Agility]
+1,397 Stamina
+52 Haste
+37 Versatility","164 - 273 Damage
Speed 2.60
(84.0 damage per second)
+74 [Strength or Agility]
+1,448 Stamina
+53 Haste
+37 Versatility","168 - 281 Damage
Speed 2.60
(86.3 damage per second)
+76 [Strength or Agility]
+1,501 Stamina
+53 Haste
+38 Versatility","175 - 292 Damage
Speed 2.60
(89.8 damage per second)
+79 [Strength or Agility]
+1,572 Stamina
+54 Haste
+38 Versatility","180 - 300 Damage
Speed 2.60
(92.3 damage per second)
+81 [Strength or Agility]
+1,627 Stamina
+55 Haste
+39 Versatility","185 - 309 Damage
Speed 2.60
(95.0 damage per second)
+84 [Strength or Agility]
+1,684 Stamina
+56 Haste
+39 Versatility",https://www.wowhead.com/item=273785
Victor's Flashfrozen Blade,251158,"248 - 372 Damage
Speed 3.60
(86.1 damage per second)
+144 [Agility or Strength]
+2,794 Stamina
+108 Mastery
+70 Versatility","255 - 383 Damage
Speed 3.60
(88.6 damage per second)
+148 [Agility or Strength]
+2,896 Stamina
+109 Mastery
+71 Versatility","262 - 394 Damage
Speed 3.60
(91.1 damage per second)
+152 [Agility or Strength]
+3,002 Stamina
+111 Mastery
+72 Versatility","273 - 409 Damage
Speed 3.60
(94.7 damage per second)
+158 [Agility or Strength]
+3,143 Stamina
+113 Mastery
+73 Versatility","280 - 421 Damage
Speed 3.60
(97.4 damage per second)
+162 [Agility or Strength]
+3,254 Stamina
+114 Mastery
+74 Versatility","288 - 433 Damage
Speed 3.60
(100.1 damage per second)
+167 [Agility or Strength]
+3,369 Stamina
+116 Mastery
+75 Versatility",https://www.wowhead.com/item=251158
Vile Vial of Volatile Venom,273796,"+137 [Agility or Strength or Intellect]
Use: Take a small sip of venom, gaining 852 of a random secondary stat for 15 sec. Afterwards, a random secondary stat is reduced by 122 for 15 sec. (2 Min Cooldown)
""""Questionable? Yes. Potable?... Technically yes.""""","+141 [Agility or Strength or Intellect]
Use: Take a small sip of venom, gaining 863 of a random secondary stat for 15 sec. Afterwards, a random secondary stat is reduced by 123 for 15 sec. (2 Min Cooldown)
""""Questionable? Yes. Potable?... Technically yes.""""","+145 [Agility or Strength or Intellect]
Use: Take a small sip of venom, gaining 875 of a random secondary stat for 15 sec. Afterwards, a random secondary stat is reduced by 125 for 15 sec. (2 Min Cooldown)
""""Questionable? Yes. Potable?... Technically yes.""""","+150 [Agility or Strength or Intellect]
Use: Take a small sip of venom, gaining 891 of a random secondary stat for 15 sec. Afterwards, a random secondary stat is reduced by 127 for 15 sec. (2 Min Cooldown)
""""Questionable? Yes. Potable?... Technically yes.""""","+154 [Agility or Strength or Intellect]
Use: Take a small sip of venom, gaining 902 of a random secondary stat for 15 sec. Afterwards, a random secondary stat is reduced by 129 for 15 sec. (2 Min Cooldown)
""""Questionable? Yes. Potable?... Technically yes.""""","+159 [Agility or Strength or Intellect]
Use: Take a small sip of venom, gaining 914 of a random secondary stat for 15 sec. Afterwards, a random secondary stat is reduced by 131 for 15 sec. (2 Min Cooldown)
""""Questionable? Yes. Potable?... Technically yes.""""",https://www.wowhead.com/item=273796
Vile Writhefang Glaive,273787,"248 - 372 Damage
Speed 3.60
(86.1 damage per second)
+144 [Agility or Strength]
+2,794 Stamina
+104 Critical Strike
+74 Versatility","255 - 383 Damage
Speed 3.60
(88.6 damage per second)
+148 [Agility or Strength]
+2,896 Stamina
+105 Critical Strike
+75 Versatility","262 - 394 Damage
Speed 3.60
(91.1 damage per second)
+152 [Agility or Strength]
+3,002 Stamina
+107 Critical Strike
+76 Versatility","273 - 409 Damage
Speed 3.60
(94.7 damage per second)
+158 [Agility or Strength]
+3,143 Stamina
+109 Critical Strike
+77 Versatility","280 - 421 Damage
Speed 3.60
(97.4 damage per second)
+162 [Agility or Strength]
+3,254 Stamina
+110 Critical Strike
+78 Versatility","288 - 433 Damage
Speed 3.60
(100.1 damage per second)
+167 [Agility or Strength]
+3,369 Stamina
+112 Critical Strike
+79 Versatility",https://www.wowhead.com/item=273787
Visor of the Predator,251221,"314 Armor
+144 [Strength or Intellect]
+2,794 Stamina
+104 Critical Strike
+74 Versatility","320 Armor
+148 [Strength or Intellect]
+2,896 Stamina
+105 Critical Strike
+75 Versatility","326 Armor
+152 [Strength or Intellect]
+3,002 Stamina
+107 Critical Strike
+76 Versatility","335 Armor
+158 [Strength or Intellect]
+3,143 Stamina
+109 Critical Strike
+77 Versatility","342 Armor
+162 [Strength or Intellect]
+3,254 Stamina
+110 Critical Strike
+78 Versatility","350 Armor
+167 [Strength or Intellect]
+3,369 Stamina
+112 Critical Strike
+79 Versatility",https://www.wowhead.com/item=251221
Yoke of the Charging Bear,251173,"+1,572 Stamina
+116 Critical Strike
+223 Haste","+1,629 Stamina
+119 Critical Strike
+228 Haste","+1,689 Stamina
+121 Critical Strike
+232 Haste","+1,768 Stamina
+124 Critical Strike
+238 Haste","+1,830 Stamina
+126 Critical Strike
+242 Haste","+1,895 Stamina
+129 Critical Strike
+247 Haste",https://www.wowhead.com/item=251173
Myth Track — Season 2 Upgrade Stats,,,,,,,,
Each cell contains the complete displayed stat/effect line at that upgrade rank.,,,,,,,,
Item Name,Item ID,"Myth 1/6
(ilvl 318)","Myth 2/6
(ilvl 321)","Myth 3/6
(ilvl 324)","Myth 4/6
(ilvl 328)","Myth 5/6
(ilvl 331)","Myth 6/6
(ilvl 334)",Wowhead Source
Aged Interwoven Scaleplate,273777,"456 Armor
+162 [Strength or Intellect]
+3,254 Stamina
+110 Critical Strike
+78 Versatility","466 Armor
+167 [Strength or Intellect]
+3,369 Stamina
+112 Critical Strike
+79 Versatility","475 Armor
+172 [Strength or Intellect]
+3,487 Stamina
+113 Critical Strike
+80 Versatility","489 Armor
+178 [Strength or Intellect]
+3,649 Stamina
+115 Critical Strike
+81 Versatility","499 Armor
+183 [Strength or Intellect]
+3,777 Stamina
+116 Critical Strike
+82 Versatility","509 Armor
+189 [Strength or Intellect]
+3,910 Stamina
+118 Critical Strike
+83 Versatility",https://www.wowhead.com/item=273777
Ancient General's Obsidian Pillars,273783,"399 Armor
+162 [Strength or Intellect]
+3,254 Stamina
+110 Critical Strike
+78 Haste","408 Armor
+167 [Strength or Intellect]
+3,369 Stamina
+112 Critical Strike
+79 Haste","416 Armor
+172 [Strength or Intellect]
+3,487 Stamina
+113 Critical Strike
+80 Haste","428 Armor
+178 [Strength or Intellect]
+3,649 Stamina
+115 Critical Strike
+81 Haste","436 Armor
+183 [Strength or Intellect]
+3,777 Stamina
+116 Critical Strike
+82 Haste","445 Armor
+189 [Strength or Intellect]
+3,910 Stamina
+118 Critical Strike
+83 Haste",https://www.wowhead.com/item=273783
Auric Puddle Stompers,159328,"285 Armor
+122 [Strength or Intellect]
+2,440 Stamina
+80 Versatility
+61 Mastery","291 Armor
+125 [Strength or Intellect]
+2,527 Stamina
+81 Versatility
+62 Mastery","297 Armor
+129 [Strength or Intellect]
+2,615 Stamina
+82 Versatility
+63 Mastery","305 Armor
+134 [Strength or Intellect]
+2,737 Stamina
+83 Versatility
+64 Mastery","312 Armor
+138 [Strength or Intellect]
+2,832 Stamina
+84 Versatility
+65 Mastery","318 Armor
+141 [Strength or Intellect]
+2,932 Stamina
+85 Versatility
+66 Mastery",https://www.wowhead.com/item=159328
Autumn's Boon Belt,251155,"257 Armor
+122 [Strength or Intellect]
+2,440 Stamina
+80 Critical Strike
+61 Haste","262 Armor
+125 [Strength or Intellect]
+2,527 Stamina
+81 Critical Strike
+62 Haste","267 Armor
+129 [Strength or Intellect]
+2,615 Stamina
+82 Critical Strike
+63 Haste","275 Armor
+134 [Strength or Intellect]
+2,737 Stamina
+83 Critical Strike
+64 Haste","280 Armor
+138 [Strength or Intellect]
+2,832 Stamina
+84 Critical Strike
+65 Haste","286 Armor
+141 [Strength or Intellect]
+2,932 Stamina
+85 Critical Strike
+66 Haste",https://www.wowhead.com/item=251155
Backdraft Cleaver,193768,"280 - 421 Damage
Speed 3.60
(97.4 damage per second)
+162 Strength
+3,254 Stamina
+110 Critical Strike
+78 Mastery","288 - 433 Damage
Speed 3.60
(100.1 damage per second)
+167 Strength
+3,369 Stamina
+112 Critical Strike
+79 Mastery","296 - 444 Damage
Speed 3.60
(102.8 damage per second)
+172 Strength
+3,487 Stamina
+113 Critical Strike
+80 Mastery","307 - 461 Damage
Speed 3.60
(106.7 damage per second)
+178 Strength
+3,649 Stamina
+115 Critical Strike
+81 Mastery","316 - 474 Damage
Speed 3.60
(109.7 damage per second)
+183 Strength
+3,777 Stamina
+116 Critical Strike
+82 Mastery","325 - 487 Damage
Speed 3.60
(112.8 damage per second)
+189 Strength
+3,910 Stamina
+118 Critical Strike
+83 Mastery",https://www.wowhead.com/item=193768
Band of the Amani Warlord,273792,"+1,830 Stamina
+134 Critical Strike
+235 Haste
""""A simple but durable ring, once worn by the Warlord Zul'jin himself.""""","+1,895 Stamina
+136 Critical Strike
+239 Haste
""""A simple but durable ring, once worn by the Warlord Zul'jin himself.""""","+1,962 Stamina
+139 Critical Strike
+244 Haste
""""A simple but durable ring, once worn by the Warlord Zul'jin himself.""""","+2,053 Stamina
+142 Critical Strike
+250 Haste
""""A simple but durable ring, once worn by the Warlord Zul'jin himself.""""","+2,124 Stamina
+145 Critical Strike
+254 Haste
""""A simple but durable ring, once worn by the Warlord Zul'jin himself.""""","+2,199 Stamina
+147 Critical Strike
+258 Haste
""""A simple but durable ring, once worn by the Warlord Zul'jin himself.""""",https://www.wowhead.com/item=273792
Bedrock Breeches,251192,"399 Armor
+162 [Strength or Intellect]
+3,254 Stamina
+118 Versatility
+70 Mastery","408 Armor
+167 [Strength or Intellect]
+3,369 Stamina
+120 Versatility
+71 Mastery","416 Armor
+172 [Strength or Intellect]
+3,487 Stamina
+121 Versatility
+72 Mastery","428 Armor
+178 [Strength or Intellect]
+3,649 Stamina
+123 Versatility
+73 Mastery","436 Armor
+183 [Strength or Intellect]
+3,777 Stamina
+125 Versatility
+74 Mastery","445 Armor
+189 [Strength or Intellect]
+3,910 Stamina
+126 Versatility
+75 Mastery",https://www.wowhead.com/item=251192
Blazebinder's Hoof,193762,"+134 Haste
Use: Bind with the blaze for 20 sec, giving your attacks a high chance to increase your Strength by 134, stacking up to 6 times. When your binding is complete, emit a burnout wave, dealing up to 100661 Fire damage split between all nearby enemies, based on the strength of your binding. (500ms cooldown) (2 Min Cooldown)","+136 Haste
Use: Bind with the blaze for 20 sec, giving your attacks a high chance to increase your Strength by 138, stacking up to 6 times. When your binding is complete, emit a burnout wave, dealing up to 103762 Fire damage split between all nearby enemies, based on the strength of your binding. (500ms cooldown) (2 Min Cooldown)","+138 Haste
Use: Bind with the blaze for 20 sec, giving your attacks a high chance to increase your Strength by 142, stacking up to 6 times. When your binding is complete, emit a burnout wave, dealing up to 106958 Fire damage split between all nearby enemies, based on the strength of your binding. (500ms cooldown) (2 Min Cooldown)","+140 Haste
Use: Bind with the blaze for 20 sec, giving your attacks a high chance to increase your Strength by 147, stacking up to 6 times. When your binding is complete, emit a burnout wave, dealing up to 111372 Fire damage split between all nearby enemies, based on the strength of your binding. (500ms cooldown) (2 Min Cooldown)","+142 Haste
Use: Bind with the blaze for 20 sec, giving your attacks a high chance to increase your Strength by 151, stacking up to 6 times. When your binding is complete, emit a burnout wave, dealing up to 114801 Fire damage split between all nearby enemies, based on the strength of your binding. (500ms cooldown) (2 Min Cooldown)","+143 Haste
Use: Bind with the blaze for 20 sec, giving your attacks a high chance to increase your Strength by 155, stacking up to 6 times. When your binding is complete, emit a burnout wave, dealing up to 118335 Fire damage split between all nearby enemies, based on the strength of your binding. (500ms cooldown) (2 Min Cooldown)",https://www.wowhead.com/item=193762
Bloodthorn Burnous,251190,"70 Armor
+91 [Agility or Strength or Intellect]
+1,830 Stamina
+69 Haste
+37 Mastery","72 Armor
+94 [Agility or Strength or Intellect]
+1,895 Stamina
+70 Haste
+37 Mastery","73 Armor
+97 [Agility or Strength or Intellect]
+1,962 Stamina
+70 Haste
+38 Mastery","75 Armor
+100 [Agility or Strength or Intellect]
+2,053 Stamina
+72 Haste
+39 Mastery","77 Armor
+103 [Agility or Strength or Intellect]
+2,124 Stamina
+73 Haste
+39 Mastery","78 Armor
+106 [Agility or Strength or Intellect]
+2,199 Stamina
+73 Haste
+40 Mastery",https://www.wowhead.com/item=251190
Bonds of the Hash'ura,251152,"257 Armor
+122 [Strength or Intellect]
+2,440 Stamina
+86 Critical Strike
+55 Mastery","262 Armor
+125 [Strength or Intellect]
+2,527 Stamina
+87 Critical Strike
+56 Mastery","267 Armor
+129 [Strength or Intellect]
+2,615 Stamina
+88 Critical Strike
+57 Mastery","275 Armor
+134 [Strength or Intellect]
+2,737 Stamina
+89 Critical Strike
+58 Mastery","280 Armor
+138 [Strength or Intellect]
+2,832 Stamina
+90 Critical Strike
+58 Mastery","286 Armor
+141 [Strength or Intellect]
+2,932 Stamina
+91 Critical Strike
+59 Mastery",https://www.wowhead.com/item=251152
Breastplate of Soaring Terror,193765,"456 Armor
+162 [Strength or Intellect]
+3,254 Stamina
+106 Critical Strike
+82 Mastery","466 Armor
+167 [Strength or Intellect]
+3,369 Stamina
+107 Critical Strike
+83 Mastery","475 Armor
+172 [Strength or Intellect]
+3,487 Stamina
+109 Critical Strike
+84 Mastery","489 Armor
+178 [Strength or Intellect]
+3,649 Stamina
+111 Critical Strike
+85 Mastery","499 Armor
+183 [Strength or Intellect]
+3,777 Stamina
+112 Critical Strike
+86 Mastery","509 Armor
+189 [Strength or Intellect]
+3,910 Stamina
+113 Critical Strike
+88 Mastery",https://www.wowhead.com/item=193765
Bulwark of Brimming Potential,158375,"739 Armor
120 Block
+81 [Strength or Intellect]
+1,627 Stamina
+53 Critical Strike
+41 Haste","754 Armor
123 Block
+84 [Strength or Intellect]
+1,684 Stamina
+54 Critical Strike
+41 Haste","771 Armor
125 Block
+86 [Strength or Intellect]
+1,744 Stamina
+54 Critical Strike
+42 Haste","794 Armor
129 Block
+89 [Strength or Intellect]
+1,824 Stamina
+55 Critical Strike
+43 Haste","809 Armor
132 Block
+92 [Strength or Intellect]
+1,888 Stamina
+56 Critical Strike
+43 Haste","826 Armor
134 Block
+94 [Strength or Intellect]
+1,955 Stamina
+57 Critical Strike
+44 Haste",https://www.wowhead.com/item=158375
C'thraxxi Binders Pauldrons,158360,"314 Armor
+122 [Strength or Intellect]
+2,440 Stamina
+58 Critical Strike
+83 Versatility","320 Armor
+125 [Strength or Intellect]
+2,527 Stamina
+59 Critical Strike
+84 Versatility","327 Armor
+129 [Strength or Intellect]
+2,615 Stamina
+60 Critical Strike
+85 Versatility","336 Armor
+134 [Strength or Intellect]
+2,737 Stamina
+61 Critical Strike
+86 Versatility","343 Armor
+138 [Strength or Intellect]
+2,832 Stamina
+62 Critical Strike
+87 Versatility","350 Armor
+141 [Strength or Intellect]
+2,932 Stamina
+62 Critical Strike
+88 Versatility",https://www.wowhead.com/item=158360
Charged Sandstone Band,158366,"+1,830 Stamina
+211 Critical Strike
+158 Mastery
Prismatic Socket","+1,895 Stamina
+215 Critical Strike
+161 Mastery
Prismatic Socket","+1,962 Stamina
+219 Critical Strike
+164 Mastery
Prismatic Socket","+2,053 Stamina
+224 Critical Strike
+168 Mastery
Prismatic Socket","+2,124 Stamina
+228 Critical Strike
+171 Mastery
Prismatic Socket","+2,199 Stamina
+232 Critical Strike
+174 Mastery
Prismatic Socket",https://www.wowhead.com/item=158366
Charonic Crescent,251232,"280 - 421 Damage
Speed 3.60
(97.4 damage per second)
+162 [Agility or Strength]
+3,254 Stamina
+110 Critical Strike
+78 Haste","288 - 433 Damage
Speed 3.60
(100.1 damage per second)
+167 [Agility or Strength]
+3,369 Stamina
+112 Critical Strike
+79 Haste","296 - 444 Damage
Speed 3.60
(102.8 damage per second)
+172 [Agility or Strength]
+3,487 Stamina
+113 Critical Strike
+80 Haste","307 - 461 Damage
Speed 3.60
(106.7 damage per second)
+178 [Agility or Strength]
+3,649 Stamina
+115 Critical Strike
+81 Haste","316 - 474 Damage
Speed 3.60
(109.7 damage per second)
+183 [Agility or Strength]
+3,777 Stamina
+116 Critical Strike
+82 Haste","325 - 487 Damage
Speed 3.60
(112.8 damage per second)
+189 [Agility or Strength]
+3,910 Stamina
+118 Critical Strike
+83 Haste",https://www.wowhead.com/item=251232
Cinderfury Shoulderguards,251126,"314 Armor
+122 [Strength or Intellect]
+2,440 Stamina
+92 Critical Strike
+49 Haste","320 Armor
+125 [Strength or Intellect]
+2,527 Stamina
+93 Critical Strike
+50 Haste","327 Armor
+129 [Strength or Intellect]
+2,615 Stamina
+94 Critical Strike
+51 Haste","336 Armor
+134 [Strength or Intellect]
+2,737 Stamina
+96 Critical Strike
+51 Haste","343 Armor
+138 [Strength or Intellect]
+2,832 Stamina
+97 Critical Strike
+52 Haste","350 Armor
+141 [Strength or Intellect]
+2,932 Stamina
+98 Critical Strike
+53 Haste",https://www.wowhead.com/item=251126
Cloak of the Restless Tribes,159288,"70 Armor
+91 [Agility or Strength or Intellect]
+1,830 Stamina
+57 Versatility
+48 Mastery
Equip: Standing still for 4 sec increases your Speed by 94. Lasts for 4 sec once you start moving.","72 Armor
+94 [Agility or Strength or Intellect]
+1,895 Stamina
+58 Versatility
+49 Mastery
Equip: Standing still for 4 sec increases your Speed by 96. Lasts for 4 sec once you start moving.","73 Armor
+97 [Agility or Strength or Intellect]
+1,962 Stamina
+59 Versatility
+50 Mastery
Equip: Standing still for 4 sec increases your Speed by 97. Lasts for 4 sec once you start moving.","75 Armor
+100 [Agility or Strength or Intellect]
+2,053 Stamina
+60 Versatility
+50 Mastery
Equip: Standing still for 4 sec increases your Speed by 98. Lasts for 4 sec once you start moving.","77 Armor
+103 [Agility or Strength or Intellect]
+2,124 Stamina
+61 Versatility
+51 Mastery
Equip: Standing still for 4 sec increases your Speed by 100. Lasts for 4 sec once you start moving.","78 Armor
+106 [Agility or Strength or Intellect]
+2,199 Stamina
+61 Versatility
+52 Mastery
Equip: Standing still for 4 sec increases your Speed by 101. Lasts for 4 sec once you start moving.",https://www.wowhead.com/item=159288
Coiled Fangstone,273795,"+154 Strength
Use: Unleash 3 Envenomed Bites centered on your target, inflicting a total of [(68567 * 3) * 1]) Nature damage split between nearby enemies. Damage increased by 30% per additional enemy, up to 150%. (1 Min Cooldown)","+159 Strength
Use: Unleash 3 Envenomed Bites centered on your target, inflicting a total of [(71571 * 3) * 1]) Nature damage split between nearby enemies. Damage increased by 30% per additional enemy, up to 150%. (1 Min Cooldown)","+163 Strength
Use: Unleash 3 Envenomed Bites centered on your target, inflicting a total of [(74690 * 3) * 1]) Nature damage split between nearby enemies. Damage increased by 30% per additional enemy, up to 150%. (1 Min Cooldown)","+170 Strength
Use: Unleash 3 Envenomed Bites centered on your target, inflicting a total of [(79036 * 3) * 1]) Nature damage split between nearby enemies. Damage increased by 30% per additional enemy, up to 150%. (1 Min Cooldown)","+174 Strength
Use: Unleash 3 Envenomed Bites centered on your target, inflicting a total of [(82440 * 3) * 1]) Nature damage split between nearby enemies. Damage increased by 30% per additional enemy, up to 150%. (1 Min Cooldown)","+179 Strength
Use: Unleash 3 Envenomed Bites centered on your target, inflicting a total of [(85974 * 3) * 1]) Nature damage split between nearby enemies. Damage increased by 30% per additional enemy, up to 150%. (1 Min Cooldown)",https://www.wowhead.com/item=273795
Crackling Jade Kilij,160216,"90 - 150 Damage
Speed 2.60
(46.2 damage per second)
+473 Intellect
+1,627 Stamina
+55 Critical Strike
+39 Mastery","92 - 154 Damage
Speed 2.60
(47.3 damage per second)
+486 Intellect
+1,684 Stamina
+56 Critical Strike
+39 Mastery","95 - 159 Damage
Speed 2.60
(48.8 damage per second)
+500 Intellect
+1,744 Stamina
+56 Critical Strike
+40 Mastery","98 - 165 Damage
Speed 2.60
(50.6 damage per second)
+519 Intellect
+1,824 Stamina
+57 Critical Strike
+41 Mastery","101 - 169 Damage
Speed 2.60
(51.9 damage per second)
+534 Intellect
+1,888 Stamina
+58 Critical Strike
+41 Mastery","104 - 174 Damage
Speed 2.60
(53.5 damage per second)
+549 Intellect
+1,955 Stamina
+59 Critical Strike
+42 Mastery",https://www.wowhead.com/item=160216
Desert Guardian's Breastplate,158364,"456 Armor
+162 [Strength or Intellect]
+3,254 Stamina
+110 Critical Strike
+78 Versatility","466 Armor
+167 [Strength or Intellect]
+3,369 Stamina
+112 Critical Strike
+79 Versatility","475 Armor
+172 [Strength or Intellect]
+3,487 Stamina
+113 Critical Strike
+80 Versatility","489 Armor
+178 [Strength or Intellect]
+3,649 Stamina
+115 Critical Strike
+81 Versatility","499 Armor
+183 [Strength or Intellect]
+3,777 Stamina
+116 Critical Strike
+82 Versatility","509 Armor
+189 [Strength or Intellect]
+3,910 Stamina
+118 Critical Strike
+83 Versatility",https://www.wowhead.com/item=158364
Despondent's Gauntlets,251227,"257 Armor
+122 [Strength or Intellect]
+2,440 Stamina
+92 Critical Strike
+49 Haste","262 Armor
+125 [Strength or Intellect]
+2,527 Stamina
+93 Critical Strike
+50 Haste","267 Armor
+129 [Strength or Intellect]
+2,615 Stamina
+94 Critical Strike
+51 Haste","275 Armor
+134 [Strength or Intellect]
+2,737 Stamina
+96 Critical Strike
+51 Haste","280 Armor
+138 [Strength or Intellect]
+2,832 Stamina
+97 Critical Strike
+52 Haste","286 Armor
+141 [Strength or Intellect]
+2,932 Stamina
+98 Critical Strike
+53 Haste",https://www.wowhead.com/item=251227
Drake Rider's Stecktarge,193770,"739 Armor
120 Block
+81 [Strength or Intellect]
+1,627 Stamina
+53 Critical Strike
+41 Haste","754 Armor
123 Block
+84 [Strength or Intellect]
+1,684 Stamina
+54 Critical Strike
+41 Haste","771 Armor
125 Block
+86 [Strength or Intellect]
+1,744 Stamina
+54 Critical Strike
+42 Haste","794 Armor
129 Block
+89 [Strength or Intellect]
+1,824 Stamina
+55 Critical Strike
+43 Haste","809 Armor
132 Block
+92 [Strength or Intellect]
+1,888 Stamina
+56 Critical Strike
+43 Haste","826 Armor
134 Block
+94 [Strength or Intellect]
+1,955 Stamina
+57 Critical Strike
+44 Haste",https://www.wowhead.com/item=193770
Embalmer's Steadying Bracers,159302,"228 Armor
+91 [Strength or Intellect]
+1,830 Stamina
+66 Critical Strike
+39 Versatility","233 Armor
+94 [Strength or Intellect]
+1,895 Stamina
+67 Critical Strike
+40 Versatility","238 Armor
+97 [Strength or Intellect]
+1,962 Stamina
+68 Critical Strike
+40 Versatility","244 Armor
+100 [Strength or Intellect]
+2,053 Stamina
+69 Critical Strike
+41 Versatility","249 Armor
+103 [Strength or Intellect]
+2,124 Stamina
+70 Critical Strike
+41 Versatility","254 Armor
+106 [Strength or Intellect]
+2,199 Stamina
+71 Critical Strike
+42 Versatility",https://www.wowhead.com/item=159302
Fangproof Gauntlets,158354,"257 Armor
+122 [Strength or Intellect]
+2,440 Stamina
+64 Versatility
+77 Mastery","262 Armor
+125 [Strength or Intellect]
+2,527 Stamina
+65 Versatility
+78 Mastery","267 Armor
+129 [Strength or Intellect]
+2,615 Stamina
+66 Versatility
+79 Mastery","275 Armor
+134 [Strength or Intellect]
+2,737 Stamina
+67 Versatility
+80 Mastery","280 Armor
+138 [Strength or Intellect]
+2,832 Stamina
+68 Versatility
+81 Mastery","286 Armor
+141 [Strength or Intellect]
+2,932 Stamina
+69 Versatility
+82 Mastery",https://www.wowhead.com/item=158354
Fireproof Drape,193763,"70 Armor
+91 [Agility or Strength or Intellect]
+1,830 Stamina
+39 Critical Strike
+66 Haste","72 Armor
+94 [Agility or Strength or Intellect]
+1,895 Stamina
+40 Critical Strike
+67 Haste","73 Armor
+97 [Agility or Strength or Intellect]
+1,962 Stamina
+40 Critical Strike
+68 Haste","75 Armor
+100 [Agility or Strength or Intellect]
+2,053 Stamina
+41 Critical Strike
+69 Haste","77 Armor
+103 [Agility or Strength or Intellect]
+2,124 Stamina
+41 Critical Strike
+70 Haste","78 Armor
+106 [Agility or Strength or Intellect]
+2,199 Stamina
+42 Critical Strike
+71 Haste",https://www.wowhead.com/item=193763
Galvanized Stormcrusher,215730,"210 - 270 Damage
Speed 2.60
(92.3 damage per second)
+814 Strength
+814 Agility
+1094 Intellect
+3,093 Stamina
Dropped by: GaralonDrop Chance: 0.02%","215 - 278 Damage
Speed 2.60
(94.8 damage per second)
+837 Strength
+837 Agility
+1125 Intellect
+3,203 Stamina
Dropped by: GaralonDrop Chance: 0.02%","222 - 286 Damage
Speed 2.60
(97.7 damage per second)
+861 Strength
+861 Agility
+1157 Intellect
+3,315 Stamina
Dropped by: GaralonDrop Chance: 0.02%","230 - 296 Damage
Speed 2.60
(101.2 damage per second)
+894 Strength
+894 Agility
+1201 Intellect
+3,469 Stamina
Dropped by: GaralonDrop Chance: 0.02%","237 - 305 Damage
Speed 2.60
(104.2 damage per second)
+919 Strength
+919 Agility
+1235 Intellect
+3,590 Stamina
Dropped by: GaralonDrop Chance: 0.02%","243 - 313 Damage
Speed 2.60
(106.9 damage per second)
+945 Strength
+945 Agility
+1270 Intellect
+3,717 Stamina
Dropped by: GaralonDrop Chance: 0.02%",https://www.wowhead.com/item=215730
Gauntlets of the Avian Sentinel,159315,"257 Armor
+122 [Strength or Intellect]
+2,440 Stamina
+86 Critical Strike
+55 Mastery","262 Armor
+125 [Strength or Intellect]
+2,527 Stamina
+87 Critical Strike
+56 Mastery","267 Armor
+129 [Strength or Intellect]
+2,615 Stamina
+88 Critical Strike
+57 Mastery","275 Armor
+134 [Strength or Intellect]
+2,737 Stamina
+89 Critical Strike
+58 Mastery","280 Armor
+138 [Strength or Intellect]
+2,832 Stamina
+90 Critical Strike
+58 Mastery","286 Armor
+141 [Strength or Intellect]
+2,932 Stamina
+91 Critical Strike
+59 Mastery",https://www.wowhead.com/item=159315
"Geti'ikku, Cut of Death",159365,"280 - 421 Damage
Speed 3.60
(97.4 damage per second)
+162 Strength
+3,254 Stamina
Equip: Your attacks have a chance to trigger bloody lacerations, inflicting (17892 * 1) Physical damage over 12 sec.","288 - 433 Damage
Speed 3.60
(100.1 damage per second)
+167 Strength
+3,369 Stamina
Equip: Your attacks have a chance to trigger bloody lacerations, inflicting (18675 * 1) Physical damage over 12 sec.","296 - 444 Damage
Speed 3.60
(102.8 damage per second)
+172 Strength
+3,487 Stamina
Equip: Your attacks have a chance to trigger bloody lacerations, inflicting (19488 * 1) Physical damage over 12 sec.","307 - 461 Damage
Speed 3.60
(106.7 damage per second)
+178 Strength
+3,649 Stamina
Equip: Your attacks have a chance to trigger bloody lacerations, inflicting (20622 * 1) Physical damage over 12 sec.","316 - 474 Damage
Speed 3.60
(109.7 damage per second)
+183 Strength
+3,777 Stamina
Equip: Your attacks have a chance to trigger bloody lacerations, inflicting (21510 * 1) Physical damage over 12 sec.","325 - 487 Damage
Speed 3.60
(112.8 damage per second)
+189 Strength
+3,910 Stamina
Equip: Your attacks have a chance to trigger bloody lacerations, inflicting (22432 * 1) Physical damage over 12 sec.",https://www.wowhead.com/item=159365
Girdle of Pestilent Purification,159319,"257 Armor
+122 [Strength or Intellect]
+2,440 Stamina
+80 Versatility
+61 Mastery","262 Armor
+125 [Strength or Intellect]
+2,527 Stamina
+81 Versatility
+62 Mastery","267 Armor
+129 [Strength or Intellect]
+2,615 Stamina
+82 Versatility
+63 Mastery","275 Armor
+134 [Strength or Intellect]
+2,737 Stamina
+83 Versatility
+64 Mastery","280 Armor
+138 [Strength or Intellect]
+2,832 Stamina
+84 Versatility
+65 Mastery","286 Armor
+141 [Strength or Intellect]
+2,932 Stamina
+85 Versatility
+66 Mastery",https://www.wowhead.com/item=159319
Graft of the Domanaar,251234,"+1,830 Stamina
+237 Critical Strike
+132 Mastery","+1,895 Stamina
+242 Critical Strike
+134 Mastery","+1,962 Stamina
+246 Critical Strike
+137 Mastery","+2,053 Stamina
+252 Critical Strike
+140 Mastery","+2,124 Stamina
+256 Critical Strike
+142 Mastery","+2,199 Stamina
+261 Critical Strike
+145 Mastery",https://www.wowhead.com/item=251234
Greathelm of Temptation,251123,"342 Armor
+162 [Strength or Intellect]
+3,254 Stamina
+110 Critical Strike
+78 Haste","350 Armor
+167 [Strength or Intellect]
+3,369 Stamina
+112 Critical Strike
+79 Haste","356 Armor
+172 [Strength or Intellect]
+3,487 Stamina
+113 Critical Strike
+80 Haste","366 Armor
+178 [Strength or Intellect]
+3,649 Stamina
+115 Critical Strike
+81 Haste","374 Armor
+183 [Strength or Intellect]
+3,777 Stamina
+116 Critical Strike
+82 Haste","382 Armor
+189 [Strength or Intellect]
+3,910 Stamina
+118 Critical Strike
+83 Haste",https://www.wowhead.com/item=251123
Havoc Crusher,193767,"210 - 270 Damage
Speed 2.60
(92.3 damage per second)
+81 Agility
+1,627 Stamina
+59 Critical Strike
+35 Haste","215 - 278 Damage
Speed 2.60
(94.8 damage per second)
+84 Agility
+1,684 Stamina
+60 Critical Strike
+35 Haste","222 - 286 Damage
Speed 2.60
(97.7 damage per second)
+86 Agility
+1,744 Stamina
+61 Critical Strike
+36 Haste","230 - 296 Damage
Speed 2.60
(101.2 damage per second)
+89 Agility
+1,824 Stamina
+62 Critical Strike
+36 Haste","237 - 305 Damage
Speed 2.60
(104.2 damage per second)
+92 Agility
+1,888 Stamina
+62 Critical Strike
+37 Haste","243 - 313 Damage
Speed 2.60
(106.9 damage per second)
+94 Agility
+1,955 Stamina
+63 Critical Strike
+37 Haste",https://www.wowhead.com/item=193767
Headcracker of Supplication,159645,"210 - 270 Damage
Speed 2.60
(92.3 damage per second)
+81 Agility
+1,627 Stamina
+39 Critical Strike
+55 Mastery","215 - 278 Damage
Speed 2.60
(94.8 damage per second)
+84 Agility
+1,684 Stamina
+39 Critical Strike
+56 Mastery","222 - 286 Damage
Speed 2.60
(97.7 damage per second)
+86 Agility
+1,744 Stamina
+40 Critical Strike
+56 Mastery","230 - 296 Damage
Speed 2.60
(101.2 damage per second)
+89 Agility
+1,824 Stamina
+41 Critical Strike
+57 Mastery","237 - 305 Damage
Speed 2.60
(104.2 damage per second)
+92 Agility
+1,888 Stamina
+41 Critical Strike
+58 Mastery","243 - 313 Damage
Speed 2.60
(106.9 damage per second)
+94 Agility
+1,955 Stamina
+42 Critical Strike
+59 Mastery",https://www.wowhead.com/item=159645
Helm of the Raptor King,159308,"342 Armor
+162 [Strength or Intellect]
+3,254 Stamina
+81 Critical Strike
+107 Haste","350 Armor
+167 [Strength or Intellect]
+3,369 Stamina
+82 Critical Strike
+109 Haste","356 Armor
+172 [Strength or Intellect]
+3,487 Stamina
+83 Critical Strike
+110 Haste","366 Armor
+178 [Strength or Intellect]
+3,649 Stamina
+84 Critical Strike
+112 Haste","374 Armor
+183 [Strength or Intellect]
+3,777 Stamina
+85 Critical Strike
+113 Haste","382 Armor
+189 [Strength or Intellect]
+3,910 Stamina
+86 Critical Strike
+115 Haste",https://www.wowhead.com/item=159308
Hulking Handaxe,251230,"180 - 300 Damage
Speed 2.60
(92.3 damage per second)
+81 [Strength or Agility]
+1,627 Stamina
+53 Critical Strike
+41 Haste","185 - 309 Damage
Speed 2.60
(95.0 damage per second)
+84 [Strength or Agility]
+1,684 Stamina
+54 Critical Strike
+41 Haste","190 - 317 Damage
Speed 2.60
(97.5 damage per second)
+86 [Strength or Agility]
+1,744 Stamina
+54 Critical Strike
+42 Haste","197 - 329 Damage
Speed 2.60
(101.2 damage per second)
+89 [Strength or Agility]
+1,824 Stamina
+55 Critical Strike
+43 Haste","203 - 339 Damage
Speed 2.60
(104.2 damage per second)
+92 [Strength or Agility]
+1,888 Stamina
+56 Critical Strike
+43 Haste","208 - 348 Damage
Speed 2.60
(106.9 damage per second)
+94 [Strength or Agility]
+1,955 Stamina
+57 Critical Strike
+44 Haste",https://www.wowhead.com/item=251230
Idol of the War Loa,250229,"+134 Critical Strike
Equip: You have proven your worth to Nalorakk. Your abilities have a chance to echo with the war god's furious roar, granting you 264 Strength for 15 sec.
Nearby allies with Nalorakk's favor are rallied, gaining 25% movement speed for 10 sec.","+136 Critical Strike
Equip: You have proven your worth to Nalorakk. Your abilities have a chance to echo with the war god's furious roar, granting you 268 Strength for 15 sec.
Nearby allies with Nalorakk's favor are rallied, gaining 25% movement speed for 10 sec.","+138 Critical Strike
Equip: You have proven your worth to Nalorakk. Your abilities have a chance to echo with the war god's furious roar, granting you 271 Strength for 15 sec.
Nearby allies with Nalorakk's favor are rallied, gaining 25% movement speed for 10 sec.","+140 Critical Strike
Equip: You have proven your worth to Nalorakk. Your abilities have a chance to echo with the war god's furious roar, granting you 276 Strength for 15 sec.
Nearby allies with Nalorakk's favor are rallied, gaining 25% movement speed for 10 sec.","+142 Critical Strike
Equip: You have proven your worth to Nalorakk. Your abilities have a chance to echo with the war god's furious roar, granting you 279 Strength for 15 sec.
Nearby allies with Nalorakk's favor are rallied, gaining 25% movement speed for 10 sec.","+143 Critical Strike
Equip: You have proven your worth to Nalorakk. Your abilities have a chance to echo with the war god's furious roar, granting you 282 Strength for 15 sec.
Nearby allies with Nalorakk's favor are rallied, gaining 25% movement speed for 10 sec.",https://www.wowhead.com/item=250229
Jade Ophidian Band,162544,"+1,830 Stamina
+137 Versatility
+232 Mastery
Prismatic Socket","+1,895 Stamina
+140 Versatility
+236 Mastery
Prismatic Socket","+1,962 Stamina
+142 Versatility
+240 Mastery
Prismatic Socket","+2,053 Stamina
+145 Versatility
+246 Mastery
Prismatic Socket","+2,124 Stamina
+148 Versatility
+250 Mastery
Prismatic Socket","+2,199 Stamina
+151 Versatility
+255 Mastery
Prismatic Socket",https://www.wowhead.com/item=162544
Legplates of Charged Duality,158361,"399 Armor
+162 [Strength or Intellect]
+3,254 Stamina
+86 Versatility
+102 Mastery","408 Armor
+167 [Strength or Intellect]
+3,369 Stamina
+87 Versatility
+103 Mastery","416 Armor
+172 [Strength or Intellect]
+3,487 Stamina
+88 Versatility
+105 Mastery","428 Armor
+178 [Strength or Intellect]
+3,649 Stamina
+90 Versatility
+106 Mastery","436 Armor
+183 [Strength or Intellect]
+3,777 Stamina
+91 Versatility
+108 Mastery","445 Armor
+189 [Strength or Intellect]
+3,910 Stamina
+92 Versatility
+109 Mastery",https://www.wowhead.com/item=158361
Lightwarden's Bind,251194,"+1,830 Stamina
+121 Versatility
+248 Mastery","+1,895 Stamina
+123 Versatility
+252 Mastery","+1,962 Stamina
+126 Versatility
+257 Mastery","+2,053 Stamina
+129 Versatility
+263 Mastery","+2,124 Stamina
+131 Versatility
+268 Mastery","+2,199 Stamina
+133 Versatility
+272 Mastery",https://www.wowhead.com/item=251194
Manaheart's Binding Flame,250243,"+154 [Agility or Strength]
Use: Form a Fel Shield for 10 sec, absorbing 30% of incoming damage, up to 288100. While the shield holds, a portion of the absorbed damage is stored as volatile Fel energy.
When the shield expires or breaks, the energy erupts and inflicts Fire damage to split between nearby enemies. (1 Min, 30 Sec Cooldown)","+159 [Agility or Strength]
Use: Form a Fel Shield for 10 sec, absorbing 30% of incoming damage, up to 300722. While the shield holds, a portion of the absorbed damage is stored as volatile Fel energy.
When the shield expires or breaks, the energy erupts and inflicts Fire damage to split between nearby enemies. (1 Min, 30 Sec Cooldown)","+163 [Agility or Strength]
Use: Form a Fel Shield for 10 sec, absorbing 30% of incoming damage, up to 313828. While the shield holds, a portion of the absorbed damage is stored as volatile Fel energy.
When the shield expires or breaks, the energy erupts and inflicts Fire damage to split between nearby enemies. (1 Min, 30 Sec Cooldown)","+170 [Agility or Strength]
Use: Form a Fel Shield for 10 sec, absorbing 30% of incoming damage, up to 332085. While the shield holds, a portion of the absorbed damage is stored as volatile Fel energy.
When the shield expires or breaks, the energy erupts and inflicts Fire damage to split between nearby enemies. (1 Min, 30 Sec Cooldown)","+174 [Agility or Strength]
Use: Form a Fel Shield for 10 sec, absorbing 30% of incoming damage, up to 346389. While the shield holds, a portion of the absorbed damage is stored as volatile Fel energy.
When the shield expires or breaks, the energy erupts and inflicts Fire damage to split between nearby enemies. (1 Min, 30 Sec Cooldown)","+179 [Agility or Strength]
Use: Form a Fel Shield for 10 sec, absorbing 30% of incoming damage, up to 361237. While the shield holds, a portion of the absorbed damage is stored as volatile Fel energy.
When the shield expires or breaks, the energy erupts and inflicts Fire damage to split between nearby enemies. (1 Min, 30 Sec Cooldown)",https://www.wowhead.com/item=250243
Mchimba's Ritual Bandages,159618,"+154 [Agility or Strength]
Use: Wrap yourself in ritual bandages, absorbing [213361 * (1 + Versatility)] damage for 6 sec. (1 Min Cooldown)","+159 [Agility or Strength]
Use: Wrap yourself in ritual bandages, absorbing [222709 * (1 + Versatility)] damage for 6 sec. (1 Min Cooldown)","+163 [Agility or Strength]
Use: Wrap yourself in ritual bandages, absorbing [232415 * (1 + Versatility)] damage for 6 sec. (1 Min Cooldown)","+170 [Agility or Strength]
Use: Wrap yourself in ritual bandages, absorbing [245936 * (1 + Versatility)] damage for 6 sec. (1 Min Cooldown)","+174 [Agility or Strength]
Use: Wrap yourself in ritual bandages, absorbing [256529 * (1 + Versatility)] damage for 6 sec. (1 Min Cooldown)","+179 [Agility or Strength]
Use: Wrap yourself in ritual bandages, absorbing [267525 * (1 + Versatility)] damage for 6 sec. (1 Min Cooldown)",https://www.wowhead.com/item=159618
Merektha's Fang,158367,"+154 Strength
Use: Pump the fang's noxious venom gland, spraying poisonous mist forward in a cone. The mist deals (9904 * 1) Nature damage every 1 sec over 3 sec, stacking up to 3 times. (2 Min Cooldown)","+159 Strength
Use: Pump the fang's noxious venom gland, spraying poisonous mist forward in a cone. The mist deals (10338 * 1) Nature damage every 1 sec over 3 sec, stacking up to 3 times. (2 Min Cooldown)","+163 Strength
Use: Pump the fang's noxious venom gland, spraying poisonous mist forward in a cone. The mist deals (10788 * 1) Nature damage every 1 sec over 3 sec, stacking up to 3 times. (2 Min Cooldown)","+170 Strength
Use: Pump the fang's noxious venom gland, spraying poisonous mist forward in a cone. The mist deals (11416 * 1) Nature damage every 1 sec over 3 sec, stacking up to 3 times. (2 Min Cooldown)","+174 Strength
Use: Pump the fang's noxious venom gland, spraying poisonous mist forward in a cone. The mist deals (11908 * 1) Nature damage every 1 sec over 3 sec, stacking up to 3 times. (2 Min Cooldown)","+179 Strength
Use: Pump the fang's noxious venom gland, spraying poisonous mist forward in a cone. The mist deals (12418 * 1) Nature damage every 1 sec over 3 sec, stacking up to 3 times. (2 Min Cooldown)",https://www.wowhead.com/item=158367
Overseer's Vambraces,251131,"228 Armor
+91 [Strength or Intellect]
+1,830 Stamina
+39 Critical Strike
+66 Haste","233 Armor
+94 [Strength or Intellect]
+1,895 Stamina
+40 Critical Strike
+67 Haste","238 Armor
+97 [Strength or Intellect]
+1,962 Stamina
+40 Critical Strike
+68 Haste","244 Armor
+100 [Strength or Intellect]
+2,053 Stamina
+41 Critical Strike
+69 Haste","249 Armor
+103 [Strength or Intellect]
+2,124 Stamina
+41 Critical Strike
+70 Haste","254 Armor
+106 [Strength or Intellect]
+2,199 Stamina
+42 Critical Strike
+71 Haste",https://www.wowhead.com/item=251131
Pauldrons of the Great Unifier,159311,"314 Armor
+122 [Strength or Intellect]
+2,440 Stamina
+83 Critical Strike
+58 Versatility","320 Armor
+125 [Strength or Intellect]
+2,527 Stamina
+84 Critical Strike
+59 Versatility","327 Armor
+129 [Strength or Intellect]
+2,615 Stamina
+85 Critical Strike
+60 Versatility","336 Armor
+134 [Strength or Intellect]
+2,737 Stamina
+86 Critical Strike
+61 Versatility","343 Armor
+138 [Strength or Intellect]
+2,832 Stamina
+87 Critical Strike
+62 Versatility","350 Armor
+141 [Strength or Intellect]
+2,932 Stamina
+88 Critical Strike
+62 Versatility",https://www.wowhead.com/item=159311
Pendant of Malefic Fury,251142,"+1,830 Stamina
+116 Haste
+253 Mastery","+1,895 Stamina
+118 Haste
+258 Mastery","+1,962 Stamina
+120 Haste
+262 Mastery","+2,053 Stamina
+123 Haste
+269 Mastery","+2,124 Stamina
+125 Haste
+273 Mastery","+2,199 Stamina
+127 Haste
+278 Mastery",https://www.wowhead.com/item=251142
Permafrost Essence,250244,"Equip: You gain Nalorakk's Favor of Enduring. Taking damage has a chance to grant a Mark of Frost, increasing your Critical Strike by 80 for 15 sec. Stacks up to 10 times.
If your health falls below 25%, the reservoir ruptures, consuming all marks to form a Frost Barrier that absorbs 62749 damage per mark for 10 sec.","Equip: You gain Nalorakk's Favor of Enduring. Taking damage has a chance to grant a Mark of Frost, increasing your Critical Strike by 81 for 15 sec. Stacks up to 10 times.
If your health falls below 25%, the reservoir ruptures, consuming all marks to form a Frost Barrier that absorbs 64683 damage per mark for 10 sec.","Equip: You gain Nalorakk's Favor of Enduring. Taking damage has a chance to grant a Mark of Frost, increasing your Critical Strike by 82 for 15 sec. Stacks up to 10 times.
If your health falls below 25%, the reservoir ruptures, consuming all marks to form a Frost Barrier that absorbs 66675 damage per mark for 10 sec.","Equip: You gain Nalorakk's Favor of Enduring. Taking damage has a chance to grant a Mark of Frost, increasing your Critical Strike by 83 for 15 sec. Stacks up to 10 times.
If your health falls below 25%, the reservoir ruptures, consuming all marks to form a Frost Barrier that absorbs 69427 damage per mark for 10 sec.","Equip: You gain Nalorakk's Favor of Enduring. Taking damage has a chance to grant a Mark of Frost, increasing your Critical Strike by 84 for 15 sec. Stacks up to 10 times.
If your health falls below 25%, the reservoir ruptures, consuming all marks to form a Frost Barrier that absorbs 71564 damage per mark for 10 sec.","Equip: You gain Nalorakk's Favor of Enduring. Taking damage has a chance to grant a Mark of Frost, increasing your Critical Strike by 85 for 15 sec. Stacks up to 10 times.
If your health falls below 25%, the reservoir ruptures, consuming all marks to form a Frost Barrier that absorbs 73767 damage per mark for 10 sec.",https://www.wowhead.com/item=250244
Pilfered Precious Band,251148,"+1,830 Stamina
+148 Critical Strike
+221 Versatility
""""The Hoardmonger was strangely attached to this 'precious' ring.""""","+1,895 Stamina
+150 Critical Strike
+225 Versatility
""""The Hoardmonger was strangely attached to this 'precious' ring.""""","+1,962 Stamina
+153 Critical Strike
+230 Versatility
""""The Hoardmonger was strangely attached to this 'precious' ring.""""","+2,053 Stamina
+157 Critical Strike
+235 Versatility
""""The Hoardmonger was strangely attached to this 'precious' ring.""""","+2,124 Stamina
+159 Critical Strike
+239 Versatility
""""The Hoardmonger was strangely attached to this 'precious' ring.""""","+2,199 Stamina
+162 Critical Strike
+243 Versatility
""""The Hoardmonger was strangely attached to this 'precious' ring.""""",https://www.wowhead.com/item=251148
Poison-Proof Stompers,273784,"285 Armor
+122 [Strength or Intellect]
+2,440 Stamina
+83 Critical Strike
+58 Versatility","291 Armor
+125 [Strength or Intellect]
+2,527 Stamina
+84 Critical Strike
+59 Versatility","297 Armor
+129 [Strength or Intellect]
+2,615 Stamina
+85 Critical Strike
+60 Versatility","305 Armor
+134 [Strength or Intellect]
+2,737 Stamina
+86 Critical Strike
+61 Versatility","312 Armor
+138 [Strength or Intellect]
+2,832 Stamina
+87 Critical Strike
+62 Versatility","318 Armor
+141 [Strength or Intellect]
+2,932 Stamina
+88 Critical Strike
+62 Versatility",https://www.wowhead.com/item=273784
Pruning Lance,251193,"280 - 421 Damage
Speed 3.60
(97.4 damage per second)
+162 [Agility or Strength]
+3,254 Stamina
+118 Haste
+70 Mastery","288 - 433 Damage
Speed 3.60
(100.1 damage per second)
+167 [Agility or Strength]
+3,369 Stamina
+120 Haste
+71 Mastery","296 - 444 Damage
Speed 3.60
(102.8 damage per second)
+172 [Agility or Strength]
+3,487 Stamina
+121 Haste
+72 Mastery","307 - 461 Damage
Speed 3.60
(106.7 damage per second)
+178 [Agility or Strength]
+3,649 Stamina
+123 Haste
+73 Mastery","316 - 474 Damage
Speed 3.60
(109.7 damage per second)
+183 [Agility or Strength]
+3,777 Stamina
+125 Haste
+74 Mastery","325 - 487 Damage
Speed 3.60
(112.8 damage per second)
+189 [Agility or Strength]
+3,910 Stamina
+126 Haste
+75 Mastery",https://www.wowhead.com/item=251193
Resonant Bellowstone,250228,"+154 [Agility or Strength]
Equip: Your damaging abilities have a chance to echo with Xathuux's furious roar, increasing your Critical Strike by 181 for 30 sec.
During this time, each of your attacks increases your Critical Strike by an additional 24, stacking up to a maximum of 5 times. (30s cooldown)","+159 [Agility or Strength]
Equip: Your damaging abilities have a chance to echo with Xathuux's furious roar, increasing your Critical Strike by 183 for 30 sec.
During this time, each of your attacks increases your Critical Strike by an additional 25, stacking up to a maximum of 5 times. (30s cooldown)","+163 [Agility or Strength]
Equip: Your damaging abilities have a chance to echo with Xathuux's furious roar, increasing your Critical Strike by 186 for 30 sec.
During this time, each of your attacks increases your Critical Strike by an additional 25, stacking up to a maximum of 5 times. (30s cooldown)","+170 [Agility or Strength]
Equip: Your damaging abilities have a chance to echo with Xathuux's furious roar, increasing your Critical Strike by 189 for 30 sec.
During this time, each of your attacks increases your Critical Strike by an additional 25, stacking up to a maximum of 5 times. (30s cooldown)","+174 [Agility or Strength]
Equip: Your damaging abilities have a chance to echo with Xathuux's furious roar, increasing your Critical Strike by 191 for 30 sec.
During this time, each of your attacks increases your Critical Strike by an additional 26, stacking up to a maximum of 5 times. (30s cooldown)","+179 [Agility or Strength]
Equip: Your damaging abilities have a chance to echo with Xathuux's furious roar, increasing your Critical Strike by 193 for 30 sec.
During this time, each of your attacks increases your Critical Strike by an additional 26, stacking up to a maximum of 5 times. (30s cooldown)",https://www.wowhead.com/item=250228
Resonating Crystal Scimitar,158373,"180 - 300 Damage
Speed 2.60
(92.3 damage per second)
+81 Strength
+1,627 Stamina
+53 Critical Strike
+41 Haste","185 - 309 Damage
Speed 2.60
(95.0 damage per second)
+84 Strength
+1,684 Stamina
+54 Critical Strike
+41 Haste","190 - 317 Damage
Speed 2.60
(97.5 damage per second)
+86 Strength
+1,744 Stamina
+54 Critical Strike
+42 Haste","197 - 329 Damage
Speed 2.60
(101.2 damage per second)
+89 Strength
+1,824 Stamina
+55 Critical Strike
+43 Haste","203 - 339 Damage
Speed 2.60
(104.2 damage per second)
+92 Strength
+1,888 Stamina
+56 Critical Strike
+43 Haste","208 - 348 Damage
Speed 2.60
(106.9 damage per second)
+94 Strength
+1,955 Stamina
+57 Critical Strike
+44 Haste",https://www.wowhead.com/item=158373
Ritual Binder's Ring,159459,"+1,830 Stamina
+242 Haste
+126 Versatility","+1,895 Stamina
+247 Haste
+129 Versatility","+1,962 Stamina
+251 Haste
+131 Versatility","+2,053 Stamina
+257 Haste
+134 Versatility","+2,124 Stamina
+262 Haste
+137 Versatility","+2,199 Stamina
+266 Haste
+139 Versatility",https://www.wowhead.com/item=159459
Royal Purifier's Spade,159646,"280 - 421 Damage
Speed 3.60
(97.4 damage per second)
+162 [Agility or Strength]
+3,254 Stamina
+106 Critical Strike
+82 Mastery","288 - 433 Damage
Speed 3.60
(100.1 damage per second)
+167 [Agility or Strength]
+3,369 Stamina
+107 Critical Strike
+83 Mastery","296 - 444 Damage
Speed 3.60
(102.8 damage per second)
+172 [Agility or Strength]
+3,487 Stamina
+109 Critical Strike
+84 Mastery","307 - 461 Damage
Speed 3.60
(106.7 damage per second)
+178 [Agility or Strength]
+3,649 Stamina
+111 Critical Strike
+85 Mastery","316 - 474 Damage
Speed 3.60
(109.7 damage per second)
+183 [Agility or Strength]
+3,777 Stamina
+112 Critical Strike
+86 Mastery","325 - 487 Damage
Speed 3.60
(112.8 damage per second)
+189 [Agility or Strength]
+3,910 Stamina
+113 Critical Strike
+88 Mastery",https://www.wowhead.com/item=159646
Ruby Whelp Shell,193757,"+154 [Agility or Strength or Intellect]
Equip: Your spells and abilities have a chance to call a Ruby Whelpling, which will try to be helpful and assist you in combat.
Use: Call your Ruby Whelpling to inspect your target's situation, teaching them how to be helpful. (1 Day Cooldown)","+159 [Agility or Strength or Intellect]
Equip: Your spells and abilities have a chance to call a Ruby Whelpling, which will try to be helpful and assist you in combat.
Use: Call your Ruby Whelpling to inspect your target's situation, teaching them how to be helpful. (1 Day Cooldown)","+163 [Agility or Strength or Intellect]
Equip: Your spells and abilities have a chance to call a Ruby Whelpling, which will try to be helpful and assist you in combat.
Use: Call your Ruby Whelpling to inspect your target's situation, teaching them how to be helpful. (1 Day Cooldown)","+170 [Agility or Strength or Intellect]
Equip: Your spells and abilities have a chance to call a Ruby Whelpling, which will try to be helpful and assist you in combat.
Use: Call your Ruby Whelpling to inspect your target's situation, teaching them how to be helpful. (1 Day Cooldown)","+174 [Agility or Strength or Intellect]
Equip: Your spells and abilities have a chance to call a Ruby Whelpling, which will try to be helpful and assist you in combat.
Use: Call your Ruby Whelpling to inspect your target's situation, teaching them how to be helpful. (1 Day Cooldown)","+179 [Agility or Strength or Intellect]
Equip: Your spells and abilities have a chance to call a Ruby Whelpling, which will try to be helpful and assist you in combat.
Use: Call your Ruby Whelpling to inspect your target's situation, teaching them how to be helpful. (1 Day Cooldown)",https://www.wowhead.com/item=193757
Sand-Scoured Greatbelt,158358,"257 Armor
+122 [Strength or Intellect]
+2,440 Stamina
+55 Haste
+86 Mastery","262 Armor
+125 [Strength or Intellect]
+2,527 Stamina
+56 Haste
+87 Mastery","267 Armor
+129 [Strength or Intellect]
+2,615 Stamina
+57 Haste
+88 Mastery","275 Armor
+134 [Strength or Intellect]
+2,737 Stamina
+58 Haste
+89 Mastery","280 Armor
+138 [Strength or Intellect]
+2,832 Stamina
+58 Haste
+90 Mastery","286 Armor
+141 [Strength or Intellect]
+2,932 Stamina
+59 Haste
+91 Mastery",https://www.wowhead.com/item=158358
Sapling of the Dawnroot,250259,"+154 [Agility or Strength or Intellect]
Equip: Your spells and abilities have a chance to uproot a Lightspawn Lasher to aid you in combat for 15 sec, dealing up to [1 * (4913 * 10)] Physical damage.
The Lightspawn Lasher then withers, bursting into light-infused sap and inflicting (1 * 12794) Holy damage split among nearby enemies.","+159 [Agility or Strength or Intellect]
Equip: Your spells and abilities have a chance to uproot a Lightspawn Lasher to aid you in combat for 15 sec, dealing up to [1 * (5128 * 10)] Physical damage.
The Lightspawn Lasher then withers, bursting into light-infused sap and inflicting (1 * 13355) Holy damage split among nearby enemies.","+163 [Agility or Strength or Intellect]
Equip: Your spells and abilities have a chance to uproot a Lightspawn Lasher to aid you in combat for 15 sec, dealing up to [1 * (5351 * 10)] Physical damage.
The Lightspawn Lasher then withers, bursting into light-infused sap and inflicting (1 * 13937) Holy damage split among nearby enemies.","+170 [Agility or Strength or Intellect]
Equip: Your spells and abilities have a chance to uproot a Lightspawn Lasher to aid you in combat for 15 sec, dealing up to [1 * (5663 * 10)] Physical damage.
The Lightspawn Lasher then withers, bursting into light-infused sap and inflicting (1 * 14748) Holy damage split among nearby enemies.","+174 [Agility or Strength or Intellect]
Equip: Your spells and abilities have a chance to uproot a Lightspawn Lasher to aid you in combat for 15 sec, dealing up to [1 * (5907 * 10)] Physical damage.
The Lightspawn Lasher then withers, bursting into light-infused sap and inflicting (1 * 15383) Holy damage split among nearby enemies.","+179 [Agility or Strength or Intellect]
Equip: Your spells and abilities have a chance to uproot a Lightspawn Lasher to aid you in combat for 15 sec, dealing up to [1 * (6160 * 10)] Physical damage.
The Lightspawn Lasher then withers, bursting into light-infused sap and inflicting (1 * 16042) Holy damage split among nearby enemies.",https://www.wowhead.com/item=250259
Scaleguard's Stalwart Greatboots,193755,"285 Armor
+122 [Strength or Intellect]
+2,440 Stamina
+83 Critical Strike
+58 Versatility","291 Armor
+125 [Strength or Intellect]
+2,527 Stamina
+84 Critical Strike
+59 Versatility","297 Armor
+129 [Strength or Intellect]
+2,615 Stamina
+85 Critical Strike
+60 Versatility","305 Armor
+134 [Strength or Intellect]
+2,737 Stamina
+86 Critical Strike
+61 Versatility","312 Armor
+138 [Strength or Intellect]
+2,832 Stamina
+87 Critical Strike
+62 Versatility","318 Armor
+141 [Strength or Intellect]
+2,932 Stamina
+88 Critical Strike
+62 Versatility",https://www.wowhead.com/item=193755
Seed of the Devouring Wild,250238,"+154 Strength
Use: Awaken the Bloodthorn Roots, erupting around your target and inflicting (74358 * 1) Nature damage split among nearby enemies. You absorb their essence, gaining 386 Mastery for 10 sec. (1 Min, 30 Sec Cooldown)","+159 Strength
Use: Awaken the Bloodthorn Roots, erupting around your target and inflicting (77616 * 1) Nature damage split among nearby enemies. You absorb their essence, gaining 391 Mastery for 10 sec. (1 Min, 30 Sec Cooldown)","+163 Strength
Use: Awaken the Bloodthorn Roots, erupting around your target and inflicting (80999 * 1) Nature damage split among nearby enemies. You absorb their essence, gaining 396 Mastery for 10 sec. (1 Min, 30 Sec Cooldown)","+170 Strength
Use: Awaken the Bloodthorn Roots, erupting around your target and inflicting (85711 * 1) Nature damage split among nearby enemies. You absorb their essence, gaining 402 Mastery for 10 sec. (1 Min, 30 Sec Cooldown)","+174 Strength
Use: Awaken the Bloodthorn Roots, erupting around your target and inflicting (89402 * 1) Nature damage split among nearby enemies. You absorb their essence, gaining 407 Mastery for 10 sec. (1 Min, 30 Sec Cooldown)","+179 Strength
Use: Awaken the Bloodthorn Roots, erupting around your target and inflicting (93235 * 1) Nature damage split among nearby enemies. You absorb their essence, gaining 412 Mastery for 10 sec. (1 Min, 30 Sec Cooldown)",https://www.wowhead.com/item=250238
Sentinel Challenger's Prize,251149,"456 Armor
+162 [Strength or Intellect]
+3,254 Stamina
+70 Haste
+118 Mastery","466 Armor
+167 [Strength or Intellect]
+3,369 Stamina
+71 Haste
+120 Mastery","475 Armor
+172 [Strength or Intellect]
+3,487 Stamina
+72 Haste
+121 Mastery","489 Armor
+178 [Strength or Intellect]
+3,649 Stamina
+73 Haste
+123 Mastery","499 Armor
+183 [Strength or Intellect]
+3,777 Stamina
+74 Haste
+125 Mastery","509 Armor
+189 [Strength or Intellect]
+3,910 Stamina
+75 Haste
+126 Mastery",https://www.wowhead.com/item=251149
Shard-Tipped Vambraces,158350,"228 Armor
+91 [Strength or Intellect]
+1,830 Stamina
+69 Critical Strike
+37 Mastery","233 Armor
+94 [Strength or Intellect]
+1,895 Stamina
+70 Critical Strike
+37 Mastery","238 Armor
+97 [Strength or Intellect]
+1,962 Stamina
+70 Critical Strike
+38 Mastery","244 Armor
+100 [Strength or Intellect]
+2,053 Stamina
+72 Critical Strike
+39 Mastery","249 Armor
+103 [Strength or Intellect]
+2,124 Stamina
+73 Critical Strike
+39 Mastery","254 Armor
+106 [Strength or Intellect]
+2,199 Stamina
+73 Critical Strike
+40 Mastery",https://www.wowhead.com/item=158350
Sickening Signet of Atroxus,252258,"+1,830 Stamina
+253 Haste
+116 Mastery","+1,895 Stamina
+258 Haste
+118 Mastery","+1,962 Stamina
+262 Haste
+120 Mastery","+2,053 Stamina
+269 Haste
+123 Mastery","+2,124 Stamina
+273 Haste
+125 Mastery","+2,199 Stamina
+278 Haste
+127 Mastery",https://www.wowhead.com/item=252258
Signet of Snarling Servitude,251136,"+1,830 Stamina
+227 Critical Strike
+142 Mastery","+1,895 Stamina
+231 Critical Strike
+145 Mastery","+1,962 Stamina
+235 Critical Strike
+148 Mastery","+2,053 Stamina
+241 Critical Strike
+151 Mastery","+2,124 Stamina
+245 Critical Strike
+154 Mastery","+2,199 Stamina
+249 Critical Strike
+156 Mastery",https://www.wowhead.com/item=251136
Speakeasy Shroud,251132,"70 Armor
+91 [Agility or Strength or Intellect]
+1,830 Stamina
+62 Critical Strike
+44 Mastery","72 Armor
+94 [Agility or Strength or Intellect]
+1,895 Stamina
+63 Critical Strike
+44 Mastery","73 Armor
+97 [Agility or Strength or Intellect]
+1,962 Stamina
+64 Critical Strike
+45 Mastery","75 Armor
+100 [Agility or Strength or Intellect]
+2,053 Stamina
+65 Critical Strike
+46 Mastery","77 Armor
+103 [Agility or Strength or Intellect]
+2,124 Stamina
+65 Critical Strike
+46 Mastery","78 Armor
+106 [Agility or Strength or Intellect]
+2,199 Stamina
+66 Critical Strike
+47 Mastery",https://www.wowhead.com/item=251132
Strand of Warding Fangs,273781,"+1,830 Stamina
+210 Critical Strike
+159 Haste","+1,895 Stamina
+214 Critical Strike
+162 Haste","+1,962 Stamina
+218 Critical Strike
+165 Haste","+2,053 Stamina
+223 Critical Strike
+169 Haste","+2,124 Stamina
+227 Critical Strike
+172 Haste","+2,199 Stamina
+230 Critical Strike
+175 Haste",https://www.wowhead.com/item=273781
Taproot Ribs,251184,"456 Armor
+162 [Strength or Intellect]
+3,254 Stamina
+74 Versatility
+114 Mastery","466 Armor
+167 [Strength or Intellect]
+3,369 Stamina
+75 Versatility
+116 Mastery","475 Armor
+172 [Strength or Intellect]
+3,487 Stamina
+76 Versatility
+117 Mastery","489 Armor
+178 [Strength or Intellect]
+3,649 Stamina
+77 Versatility
+119 Mastery","499 Armor
+183 [Strength or Intellect]
+3,777 Stamina
+78 Versatility
+121 Mastery","509 Armor
+189 [Strength or Intellect]
+3,910 Stamina
+79 Versatility
+122 Mastery",https://www.wowhead.com/item=251184
Tattered Amani War Banner,273797,"+154 [Agility or Strength]
Use: Plant the banner for 15 sec! Fighting within 12 yards of it fills you with Battle Fervor, granting 537 of your highest secondary stat. Defeating at least 1 enemy while the banner stands will extend Banner's duration by 5 sec. (1 Min, 30 Sec Cooldown)
""""Aged and worn, it has led the Amani to countless victories in ages past.""""","+159 [Agility or Strength]
Use: Plant the banner for 15 sec! Fighting within 12 yards of it fills you with Battle Fervor, granting 544 of your highest secondary stat. Defeating at least 1 enemy while the banner stands will extend Banner's duration by 5 sec. (1 Min, 30 Sec Cooldown)
""""Aged and worn, it has led the Amani to countless victories in ages past.""""","+163 [Agility or Strength]
Use: Plant the banner for 15 sec! Fighting within 12 yards of it fills you with Battle Fervor, granting 551 of your highest secondary stat. Defeating at least 1 enemy while the banner stands will extend Banner's duration by 5 sec. (1 Min, 30 Sec Cooldown)
""""Aged and worn, it has led the Amani to countless victories in ages past.""""","+170 [Agility or Strength]
Use: Plant the banner for 15 sec! Fighting within 12 yards of it fills you with Battle Fervor, granting 560 of your highest secondary stat. Defeating at least 1 enemy while the banner stands will extend Banner's duration by 5 sec. (1 Min, 30 Sec Cooldown)
""""Aged and worn, it has led the Amani to countless victories in ages past.""""","+174 [Agility or Strength]
Use: Plant the banner for 15 sec! Fighting within 12 yards of it fills you with Battle Fervor, granting 567 of your highest secondary stat. Defeating at least 1 enemy while the banner stands will extend Banner's duration by 5 sec. (1 Min, 30 Sec Cooldown)
""""Aged and worn, it has led the Amani to countless victories in ages past.""""","+179 [Agility or Strength]
Use: Plant the banner for 15 sec! Fighting within 12 yards of it fills you with Battle Fervor, granting 574 of your highest secondary stat. Defeating at least 1 enemy while the banner stands will extend Banner's duration by 5 sec. (1 Min, 30 Sec Cooldown)
""""Aged and worn, it has led the Amani to countless victories in ages past.""""",https://www.wowhead.com/item=273797
Taz'Rah's Cosmic Edge,251218,"180 - 300 Damage
Speed 2.60
(92.3 damage per second)
+81 Strength
+1,627 Stamina
+55 Haste
+39 Mastery","185 - 309 Damage
Speed 2.60
(95.0 damage per second)
+84 Strength
+1,684 Stamina
+56 Haste
+39 Mastery","190 - 317 Damage
Speed 2.60
(97.5 damage per second)
+86 Strength
+1,744 Stamina
+56 Haste
+40 Mastery","197 - 329 Damage
Speed 2.60
(101.2 damage per second)
+89 Strength
+1,824 Stamina
+57 Haste
+41 Mastery","203 - 339 Damage
Speed 2.60
(104.2 damage per second)
+92 Strength
+1,888 Stamina
+58 Haste
+41 Mastery","208 - 348 Damage
Speed 2.60
(106.9 damage per second)
+94 Strength
+1,955 Stamina
+59 Haste
+42 Mastery",https://www.wowhead.com/item=251218
Teldrassil's Sacrifice,251201,"739 Armor
120 Block
+81 [Strength or Intellect]
+1,627 Stamina
+59 Mastery
+35 Critical Strike","754 Armor
123 Block
+84 [Strength or Intellect]
+1,684 Stamina
+60 Mastery
+35 Critical Strike","771 Armor
125 Block
+86 [Strength or Intellect]
+1,744 Stamina
+61 Mastery
+36 Critical Strike","794 Armor
129 Block
+89 [Strength or Intellect]
+1,824 Stamina
+62 Mastery
+36 Critical Strike","809 Armor
132 Block
+92 [Strength or Intellect]
+1,888 Stamina
+62 Mastery
+37 Critical Strike","826 Armor
134 Block
+94 [Strength or Intellect]
+1,955 Stamina
+63 Mastery
+37 Critical Strike",https://www.wowhead.com/item=251201
Tempest's Shelter,251162,"739 Armor
120 Block
+81 [Strength or Intellect]
+1,627 Stamina
+55 Haste
+39 Versatility","754 Armor
123 Block
+84 [Strength or Intellect]
+1,684 Stamina
+56 Haste
+39 Versatility","771 Armor
125 Block
+86 [Strength or Intellect]
+1,744 Stamina
+56 Haste
+40 Versatility","794 Armor
129 Block
+89 [Strength or Intellect]
+1,824 Stamina
+57 Haste
+41 Versatility","809 Armor
132 Block
+92 [Strength or Intellect]
+1,888 Stamina
+58 Haste
+41 Versatility","826 Armor
134 Block
+94 [Strength or Intellect]
+1,955 Stamina
+59 Haste
+42 Versatility",https://www.wowhead.com/item=251162
Thorned Reply,251195,"180 - 300 Damage
Speed 2.60
(92.3 damage per second)
+81 Strength
+1,627 Stamina
+39 Critical Strike
+55 Haste","185 - 309 Damage
Speed 2.60
(95.0 damage per second)
+84 Strength
+1,684 Stamina
+39 Critical Strike
+56 Haste","190 - 317 Damage
Speed 2.60
(97.5 damage per second)
+86 Strength
+1,744 Stamina
+40 Critical Strike
+56 Haste","197 - 329 Damage
Speed 2.60
(101.2 damage per second)
+89 Strength
+1,824 Stamina
+41 Critical Strike
+57 Haste","203 - 339 Damage
Speed 2.60
(104.2 damage per second)
+92 Strength
+1,888 Stamina
+41 Critical Strike
+58 Haste","208 - 348 Damage
Speed 2.60
(106.9 damage per second)
+94 Strength
+1,955 Stamina
+42 Critical Strike
+59 Haste",https://www.wowhead.com/item=251195
Thornspike Gauntlets,251188,"257 Armor
+122 [Strength or Intellect]
+2,440 Stamina
+89 Critical Strike
+52 Versatility","262 Armor
+125 [Strength or Intellect]
+2,527 Stamina
+90 Critical Strike
+53 Versatility","267 Armor
+129 [Strength or Intellect]
+2,615 Stamina
+91 Critical Strike
+54 Versatility","275 Armor
+134 [Strength or Intellect]
+2,737 Stamina
+92 Critical Strike
+55 Versatility","280 Armor
+138 [Strength or Intellect]
+2,832 Stamina
+94 Critical Strike
+55 Versatility","286 Armor
+141 [Strength or Intellect]
+2,932 Stamina
+95 Critical Strike
+56 Versatility",https://www.wowhead.com/item=251188
Tumor of the Swarm,250245,"+154 [Agility or Strength]
Equip: Your attacks have a chance to release toxic parasites that burst around you, dealing 22785 Nature damage split among nearby enemies and healing you for 14335.","+159 [Agility or Strength]
Equip: Your attacks have a chance to release toxic parasites that burst around you, dealing 23784 Nature damage split among nearby enemies and healing you for 14963.","+163 [Agility or Strength]
Equip: Your attacks have a chance to release toxic parasites that burst around you, dealing 24820 Nature damage split among nearby enemies and healing you for 15615.","+170 [Agility or Strength]
Equip: Your attacks have a chance to release toxic parasites that burst around you, dealing 26264 Nature damage split among nearby enemies and healing you for 16524.","+174 [Agility or Strength]
Equip: Your attacks have a chance to release toxic parasites that burst around you, dealing 27395 Nature damage split among nearby enemies and healing you for 17235.","+179 [Agility or Strength]
Equip: Your attacks have a chance to release toxic parasites that burst around you, dealing 28570 Nature damage split among nearby enemies and healing you for 17974.",https://www.wowhead.com/item=250245
Twin-Strike Polearm,158371,"280 - 421 Damage
Speed 3.60
(97.4 damage per second)
+162 [Agility or Strength]
+3,254 Stamina
+110 Critical Strike
+78 Versatility","288 - 433 Damage
Speed 3.60
(100.1 damage per second)
+167 [Agility or Strength]
+3,369 Stamina
+112 Critical Strike
+79 Versatility","296 - 444 Damage
Speed 3.60
(102.8 damage per second)
+172 [Agility or Strength]
+3,487 Stamina
+113 Critical Strike
+80 Versatility","307 - 461 Damage
Speed 3.60
(106.7 damage per second)
+178 [Agility or Strength]
+3,649 Stamina
+115 Critical Strike
+81 Versatility","316 - 474 Damage
Speed 3.60
(109.7 damage per second)
+183 [Agility or Strength]
+3,777 Stamina
+116 Critical Strike
+82 Versatility","325 - 487 Damage
Speed 3.60
(112.8 damage per second)
+189 [Agility or Strength]
+3,910 Stamina
+118 Critical Strike
+83 Versatility",https://www.wowhead.com/item=158371
Venom-Etched Crescent,273785,"180 - 300 Damage
Speed 2.60
(92.3 damage per second)
+81 [Strength or Agility]
+1,627 Stamina
+55 Haste
+39 Versatility","185 - 309 Damage
Speed 2.60
(95.0 damage per second)
+84 [Strength or Agility]
+1,684 Stamina
+56 Haste
+39 Versatility","190 - 317 Damage
Speed 2.60
(97.5 damage per second)
+86 [Strength or Agility]
+1,744 Stamina
+56 Haste
+40 Versatility","197 - 329 Damage
Speed 2.60
(101.2 damage per second)
+89 [Strength or Agility]
+1,824 Stamina
+57 Haste
+41 Versatility","203 - 339 Damage
Speed 2.60
(104.2 damage per second)
+92 [Strength or Agility]
+1,888 Stamina
+58 Haste
+41 Versatility","208 - 348 Damage
Speed 2.60
(106.9 damage per second)
+94 [Strength or Agility]
+1,955 Stamina
+59 Haste
+42 Versatility",https://www.wowhead.com/item=273785
Victor's Flashfrozen Blade,251158,"280 - 421 Damage
Speed 3.60
(97.4 damage per second)
+162 [Agility or Strength]
+3,254 Stamina
+114 Mastery
+74 Versatility","288 - 433 Damage
Speed 3.60
(100.1 damage per second)
+167 [Agility or Strength]
+3,369 Stamina
+116 Mastery
+75 Versatility","296 - 444 Damage
Speed 3.60
(102.8 damage per second)
+172 [Agility or Strength]
+3,487 Stamina
+117 Mastery
+76 Versatility","307 - 461 Damage
Speed 3.60
(106.7 damage per second)
+178 [Agility or Strength]
+3,649 Stamina
+119 Mastery
+77 Versatility","316 - 474 Damage
Speed 3.60
(109.7 damage per second)
+183 [Agility or Strength]
+3,777 Stamina
+121 Mastery
+78 Versatility","325 - 487 Damage
Speed 3.60
(112.8 damage per second)
+189 [Agility or Strength]
+3,910 Stamina
+122 Mastery
+79 Versatility",https://www.wowhead.com/item=251158
Vile Vial of Volatile Venom,273796,"+154 [Agility or Strength or Intellect]
Use: Take a small sip of venom, gaining 902 of a random secondary stat for 15 sec. Afterwards, a random secondary stat is reduced by 129 for 15 sec. (2 Min Cooldown)
""""Questionable? Yes. Potable?... Technically yes.""""","+159 [Agility or Strength or Intellect]
Use: Take a small sip of venom, gaining 914 of a random secondary stat for 15 sec. Afterwards, a random secondary stat is reduced by 131 for 15 sec. (2 Min Cooldown)
""""Questionable? Yes. Potable?... Technically yes.""""","+163 [Agility or Strength or Intellect]
Use: Take a small sip of venom, gaining 926 of a random secondary stat for 15 sec. Afterwards, a random secondary stat is reduced by 132 for 15 sec. (2 Min Cooldown)
""""Questionable? Yes. Potable?... Technically yes.""""","+170 [Agility or Strength or Intellect]
Use: Take a small sip of venom, gaining 941 of a random secondary stat for 15 sec. Afterwards, a random secondary stat is reduced by 134 for 15 sec. (2 Min Cooldown)
""""Questionable? Yes. Potable?... Technically yes.""""","+174 [Agility or Strength or Intellect]
Use: Take a small sip of venom, gaining 953 of a random secondary stat for 15 sec. Afterwards, a random secondary stat is reduced by 136 for 15 sec. (2 Min Cooldown)
""""Questionable? Yes. Potable?... Technically yes.""""","+179 [Agility or Strength or Intellect]
Use: Take a small sip of venom, gaining 964 of a random secondary stat for 15 sec. Afterwards, a random secondary stat is reduced by 138 for 15 sec. (2 Min Cooldown)
""""Questionable? Yes. Potable?... Technically yes.""""",https://www.wowhead.com/item=273796
Vile Writhefang Glaive,273787,"280 - 421 Damage
Speed 3.60
(97.4 damage per second)
+162 [Agility or Strength]
+3,254 Stamina
+110 Critical Strike
+78 Versatility","288 - 433 Damage
Speed 3.60
(100.1 damage per second)
+167 [Agility or Strength]
+3,369 Stamina
+112 Critical Strike
+79 Versatility","296 - 444 Damage
Speed 3.60
(102.8 damage per second)
+172 [Agility or Strength]
+3,487 Stamina
+113 Critical Strike
+80 Versatility","307 - 461 Damage
Speed 3.60
(106.7 damage per second)
+178 [Agility or Strength]
+3,649 Stamina
+115 Critical Strike
+81 Versatility","316 - 474 Damage
Speed 3.60
(109.7 damage per second)
+183 [Agility or Strength]
+3,777 Stamina
+116 Critical Strike
+82 Versatility","325 - 487 Damage
Speed 3.60
(112.8 damage per second)
+189 [Agility or Strength]
+3,910 Stamina
+118 Critical Strike
+83 Versatility",https://www.wowhead.com/item=273787
Visor of the Predator,251221,"342 Armor
+162 [Strength or Intellect]
+3,254 Stamina
+110 Critical Strike
+78 Versatility","350 Armor
+167 [Strength or Intellect]
+3,369 Stamina
+112 Critical Strike
+79 Versatility","356 Armor
+172 [Strength or Intellect]
+3,487 Stamina
+113 Critical Strike
+80 Versatility","366 Armor
+178 [Strength or Intellect]
+3,649 Stamina
+115 Critical Strike
+81 Versatility","374 Armor
+183 [Strength or Intellect]
+3,777 Stamina
+116 Critical Strike
+82 Versatility","382 Armor
+189 [Strength or Intellect]
+3,910 Stamina
+118 Critical Strike
+83 Versatility",https://www.wowhead.com/item=251221
Yoke of the Charging Bear,251173,"+1,830 Stamina
+126 Critical Strike
+242 Haste","+1,895 Stamina
+129 Critical Strike
+247 Haste","+1,962 Stamina
+131 Critical Strike
+251 Haste","+2,053 Stamina
+134 Critical Strike
+257 Haste","+2,124 Stamina
+137 Critical Strike
+262 Haste","+2,199 Stamina
+139 Critical Strike
+266 Haste",https://www.wowhead.com/item=251173